company,crawl_date,description,employment_type,experience,expired_date,location,meta_data,posted_date,screenshots,title,url
LG,2025-11-10,지원 자격 및 절차,정규직,신입/경력,2025-11-23,,"{""company"": ""하이엠솔루텍""}",2025-11-06,"{""combined"": ""C:\\workspace\\fproject\\backend-model\\img\\lg_job_1001077.png""}",변호사 모집,https://careers.lg.com/apply/detail?id=1001077
LG,2025-11-10,지원 자격 및 절차,정규직,신입/경력,2025-11-16,,"{""company"": ""하이엠솔루텍""}",2025-11-03,"{""combined"": ""C:\\workspace\\fproject\\backend-model\\img\\lg_job_1001048.png""}",국내 경영관리 담당자 모집(경력),https://careers.lg.com/apply/detail?id=1001048
LG,2025-11-10,"전공

통계학, 경영학, 경제학, 컴퓨터공학 등 관련 전공 우대

근무지

LG서울역빌딩

인원

0명

필수 사항

1) 학사 학위 이상 (통계학, 경영학, 경제학, 컴퓨터공학 등 관련 전공 우대)
2) 3년 이상의 데이터 분석 실무 경험
3) SQL, BigQuery 활용 능력
4) Python 또는 R 중 1개 이상 프로그래밍 언어 활용 능력
5) 통계 분석 및 가설 검증에 대한 이해
6) 데이터 시각화 도구 경험 (Tableau, Power BI 등)

우대 사항

1) 머신러닝 알고리즘 이해 및 모델링 경험
2) A/B 테스트 설계 및 분석 경험
3) 대용량 데이터 처리 경험
4) 클라우드 환경(AWS, GCP, Azure) 경험
5) Git 등 버전 관리 시스템 활용 경험
6) 관련 분야 석사 학위 이상

상세 내용

■ 맡게 될 업무를 소개해요

1) LGE.com의 새로운 탐색 경험 설계
2) 사용자 데이터 분석 및 개선 방향 기획
3) 서비스/플랫폼 지표 정의 및 시각화
4) 플랫폼실 데이터 활용 역량 방안 수립 및 실행

 

■ 함께 하게 될 팀을 소개해요

우리 팀은 LG전자 한국 D2C플랫폼인 LGE.com의 차별화된 고객 경험 제공과 비즈니스 성과 극대화를 목표로 하고 있습니다. 안정적인 플랫폼 운영과 시스템 고도화를 통해 고객 가치를 창출하며, 빠르게 변화하는 AI 시대에 발맞춰 고객 니즈에 선제적으로 대응하고 있습니다.
주요 업무로는 IT 전략 및 기술 로드맵 수립, 플랫폼 서비스 개발 및 성능 개선, 최신 IT 기술 적용 및 연구, 개발/운영 체계 및 인프라 관리를 하고 있으며, 이 모든 것을 실현하기 위해 팀원 개개인의 기술 역량 강화와 전문성 확보에 지속적으로 투자하고 있습니다.

 

■ 함께 할 동료의 한마디

""우리 팀의 데이터 분석가는 단순히 보고서를 작성하는 역할을 넘어서, 개발 우선순위 결정, 실험 설계, 플랫폼 건강 진단 등 의사결정의 핵심 파트너입니다.""
""‘감’이 아닌 데이터, ‘추측’이 아닌 실험으로 움직이는 팀을 지향합니다. 그 중심에서 함께 고민하고, 실패하며, 성장할 분석가를 기다립니다.""
""기술을 이해하고, 비즈니스를 고민하며, 개발자와 같은 언어로 소통할 수 있는 분이라면 더욱 환영합니다. 보고를 위한 분석이 아닌, 액션을 위한 분석을 함께 만들어갑니다.""

지원 자격 및 절차
지원자격
▪ 병역 및 기타사항
  - 군필자 또는 면제자에 한함
  - 해외 여행에 결격 사유가 없는 경우에 한해 지원 가능합니다.
  - 취업 보호 대상자(보훈대상자/장애인)는 관련 법규 등에 의거하여 우대합니다. (향후 관련 증명서 제출 요청 예정)
  - 입사지원서 및 채용 전형 과정에서 허위 사실이 발각될 경우는 입사가 취소될 수 있습니다.

▪ 입사지원서의 모든 사항은 정확하게 입력해야 하며, 추후 입력사항이 허위로 판명될 경우에는 입사(합격)가 취소됩니다. 
  - 지원서 정보 오기입시 이로 인해 불이익을 받을 수도 있음을 사전 안내드리니 지원서 작성에 신중을 기해 주시길 부탁 드립니다.
전형절차

서류전형

~11월 초

인성검사

11월 중

1차면접

11월 중

2차면접

11월 말

검진 및 처우협의

11월 말~

▪ 채용 프로세스별 순서 및 일정은 내부사정에 의해 변경될 수 있으며, 전형결과는 LG Careers통해 확인 가능합니다.
제출방법
▪ 제출방법 : 반드시 LG그룹 채용사이트(careers.lg.com)을 통한 온라인 지원만 가능(우편, e-mail, 방문접수 불가)  
 - 지원서 제출은 마감 전까지 수시로 가능하며 가장 최근 저장한 상태로 최종 반영되니,  
   기한 내 제출완료 될 수 있도록 미리 수시로 저장 및 제출해 주시기 바랍니다.
 - 특히, 공고 마감일에는 지원자들의 문의가 폭주하여 답변 및 관련 대응이 늦어질 수 있으며,
   지원서 등록마감 시점 이후에는 입사 지원이 불가하므로 등록 관련 문제가 있으시면 마감 3일전에 여유 있게 문의/요청 해주십시오.

▪ 문의처 : LG Careers 내 1:1 질문하기",,경력,2025-11-10,,"{""company"": ""LG전자"", ""job_category"": ""영업/마케팅"", ""application_period"": ""2025.10.31 06:00 ~ 2025.11.10 23:00""}",2025-10-31,"{""combined"": ""C:\\workspace\\fproject\\backend-model\\img\\lg_job_1001047.png""}",D2C플랫폼 데이터 분석,https://careers.lg.com/apply/detail?id=1001047
LG,2025-11-10,"전공

전공무관

근무지

LG서울역빌딩

인원

0명

필수 사항

1) 5년 이상의 프로젝트 관리 실무 경험
2) 다수의 프로젝트 동시 수행 및 WBS 기반 일정·진척 관리 경험
3) 인력 리소스 배치 및 운용 관리 능력과 Jira 등 프로젝트 관리 도구 활용 능력
4) 프로젝트 수행 중 발생하는 이슈 식별 및 조율 경험, 계획 대비 실적 차이 분석 및 개선안 도출 능력
5) 프로세스 표준화 및 문서화 경험과 다양한 이해관계자(개발팀, 기획팀, 외주 파트너 등) 간 커뮤니케이션 및 조정 능력
6) 데이터 기반 의사결정 및 보고서 작성 능력

우대 사항

1) 이커머스 또는 대규모 플랫폼 운영 PMO 경험
2) 애자일/스크럼 방법론 적용 경험, EPIC 단위 과제 관리 경험, 개발 생명주기(SDLC) 전반에 대한 이해
3) Confluence, Notion 등 협업 도구 활용 능력, 품질·감사 프로세스 대응 경험
4) PMP 등 프로젝트 관리 자격증

상세 내용

■ 맡게 될 업무를 소개해요

LGE.com의 EPIC 과제 수행과 운영 전반을 체계적으로 지원
1) 인력 리소스 관리를 통한 과제별 최적인력 배치, WBS기반의 일정관리를 통한 진행상황 모니터링 및 지연이슈 관리
2) 프로세스 표준화 및 가이드 수립을 통한 과제 단계별 일관된 품질 확보, 이슈 발굴 및 조정을 통한 이해관계자의 협업 지원
3) Jira기반 데이터 분석과 모니터링을 통한 프로젝트 지원 및 운영 효율화 

 

■ 함께 하게 될 팀을 소개해요

우리 팀은 LG전자 한국 D2C플랫폼인 LGE.com의 차별화된 고객 경험 제공과 비즈니스 성과 극대화를 목표로 하고 있습니다. 안정적인 플랫폼 운영과 시스템 고도화를 통해 고객 가치를 창출하며, 빠르게 변화하는 AI 시대에 발맞춰 고객 니즈에 선제적으로 대응하고 있습니다.
주요 업무로는 IT 전략 및 기술 로드맵 수립, 플랫폼 서비스 개발 및 성능 개선, 최신 IT 기술 적용 및 연구, 개발/운영 체계 및 인프라 관리를 하고 있으며, 이 모든 것을 실현하기 위해 팀원 개개인의 기술 역량 강화와 전문성 확보에 지속적으로 투자하고 있습니다.

 

■ 함께 할 동료의 한마디

""우리 팀은 LGE.com의 안정적인 운영과 시스템 고도화를 통해 고객 가치를 창출합니다.
투명한 소통을 바탕으로 팀원 각자의 전문성 강화를 위해 함께 노력하고 있습니다.
대규모 이벤트 운영부터 AI 시대에 맞는 고객 경험 혁신까지, 도전적인 과제를 함께 해결해나가고 있습니다.
쉽지 않은 여정이지만, 실질적인 성과를 만들어내는 보람이 있습니다.
그동안 쌓아오신 경험과 인사이트를 바탕으로 함께 성장해 나가길 기대합니다.""

지원 자격 및 절차
지원자격
▪ 병역 및 기타사항
  - 군필자 또는 면제자에 한함
  - 해외 여행에 결격 사유가 없는 경우에 한해 지원 가능합니다.
  - 취업 보호 대상자(보훈대상자/장애인)는 관련 법규 등에 의거하여 우대합니다. (향후 관련 증명서 제출 요청 예정)
  - 입사지원서 및 채용 전형 과정에서 허위 사실이 발각될 경우는 입사가 취소될 수 있습니다.

▪ 입사지원서의 모든 사항은 정확하게 입력해야 하며, 추후 입력사항이 허위로 판명될 경우에는 입사(합격)가 취소됩니다. 
  - 지원서 정보 오기입시 이로 인해 불이익을 받을 수도 있음을 사전 안내드리니 지원서 작성에 신중을 기해 주시길 부탁 드립니다.
전형절차

서류전형

~11월 초

인성검사

11월 중

1차면접

11월 중

2차면접

11월 말

검진 및 처우협의

11월 말~

▪ 채용 프로세스별 순서 및 일정은 내부사정에 의해 변경될 수 있으며, 전형결과는 LG Careers통해 확인 가능합니다.
제출방법
▪ 제출방법 : 반드시 LG그룹 채용사이트(careers.lg.com)을 통한 온라인 지원만 가능(우편, e-mail, 방문접수 불가)  
 - 지원서 제출은 마감 전까지 수시로 가능하며 가장 최근 저장한 상태로 최종 반영되니,  
   기한 내 제출완료 될 수 있도록 미리 수시로 저장 및 제출해 주시기 바랍니다.
 - 특히, 공고 마감일에는 지원자들의 문의가 폭주하여 답변 및 관련 대응이 늦어질 수 있으며,
   지원서 등록마감 시점 이후에는 입사 지원이 불가하므로 등록 관련 문제가 있으시면 마감 3일전에 여유 있게 문의/요청 해주십시오.

▪ 문의처 : LG Careers 내 1:1 질문하기",,경력,2025-11-10,,"{""company"": ""LG전자"", ""job_category"": null, ""tech_stack"": null, ""benefits"": null}",2025-10-31,"{""combined"": ""C:\\workspace\\fproject\\backend-model\\img\\lg_job_1001046.png""}",D2C플랫폼 PMO,https://careers.lg.com/apply/detail?id=1001046
LG,2025-11-10,"전공

전공무관

근무지

LG서울역빌딩

인원

0명

필수 사항

1) IT기획 또는 전략/컨설팅 업무 경험
2) IT인프라/SI/SM 계약 검토 및 관리 경험
3) 커머스 플랫폼 운영 프로세스 개선 및 시스템 구축 경험
4) IT프로젝트 사업관리, 품질관리, 위험관리 등 프로젝트 수행 경험 

우대 사항

1) D2C플랫폼에서의 IT기획 업무 경험
2) 벤더 관리 및 아웃소싱 경험, SW개발 경험 또는 기술적 백그라운드

상세 내용

■ 맡게 될 업무를 소개해요

1) D2C플랫폼 IT전략 수립 및 관리 - 비즈니스 목표 달성을 위한 중/장기 IT 전략, 정책 및 표준 수립과 이행, IT서비스 품질 및 지속적인 개선 관리
2) D2C플랫폼 IT예산 및 인력 계획 수립 및 운영 보고

 

■ 함께 하게 될 팀을 소개해요

우리 팀은 LG전자 한국 D2C플랫폼인 LGE.com의 차별화된 고객 경험 제공과 비즈니스 성과 극대화를 목표로 하고 있습니다. 안정적인 플랫폼 운영과 시스템 고도화를 통해 고객 가치를 창출하며, 빠르게 변화하는 AI 시대에 발맞춰 고객 니즈에 선제적으로 대응하고 있습니다.
주요 업무로는 IT 전략 및 기술 로드맵 수립, 플랫폼 서비스 개발 및 성능 개선, 최신 IT 기술 적용 및 연구, 개발/운영 체계 및 인프라 관리를 하고 있으며, 이 모든 것을 실현하기 위해 팀원 개개인의 기술 역량 강화와 전문성 확보에 지속적으로 투자하고 있습니다.

 

■ 함께 할 동료의 한마디

""우리 팀은 LGE.com의 안정적인 운영과 시스템 고도화를 통해 고객 가치를 창출합니다.
투명한 소통을 바탕으로 팀원 각자의 전문성 강화를 위해 함께 노력하고 있습니다.
대규모 이벤트 운영부터 AI 시대에 맞는 고객 경험 혁신까지, 도전적인 과제를 함께 해결해나가고 있습니다.
쉽지 않은 여정이지만, 실질적인 성과를 만들어내는 보람이 있습니다.
그동안 쌓아오신 경험과 인사이트를 바탕으로 함께 성장해 나가길 기대합니다.""

지원 자격 및 절차
지원자격
▪ 병역 및 기타사항
  - 군필자 또는 면제자에 한함
  - 해외 여행에 결격 사유가 없는 경우에 한해 지원 가능합니다.
  - 취업 보호 대상자(보훈대상자/장애인)는 관련 법규 등에 의거하여 우대합니다. (향후 관련 증명서 제출 요청 예정)
  - 입사지원서 및 채용 전형 과정에서 허위 사실이 발각될 경우는 입사가 취소될 수 있습니다.

▪ 입사지원서의 모든 사항은 정확하게 입력해야 하며, 추후 입력사항이 허위로 판명될 경우에는 입사(합격)가 취소됩니다. 
  - 지원서 정보 오기입시 이로 인해 불이익을 받을 수도 있음을 사전 안내드리니 지원서 작성에 신중을 기해 주시길 부탁 드립니다.
전형절차

서류전형

~11월 초

인성검사

11월 중

1차면접

11월 중

2차면접

11월 말

검진 및 처우협의

11월 말~

▪ 채용 프로세스별 순서 및 일정은 내부사정에 의해 변경될 수 있으며, 전형결과는 LG Careers통해 확인 가능합니다.
제출방법
▪ 제출방법 : 반드시 LG그룹 채용사이트(careers.lg.com)을 통한 온라인 지원만 가능(우편, e-mail, 방문접수 불가)  
 - 지원서 제출은 마감 전까지 수시로 가능하며 가장 최근 저장한 상태로 최종 반영되니,  
   기한 내 제출완료 될 수 있도록 미리 수시로 저장 및 제출해 주시기 바랍니다.
 - 특히, 공고 마감일에는 지원자들의 문의가 폭주하여 답변 및 관련 대응이 늦어질 수 있으며,
   지원서 등록마감 시점 이후에는 입사 지원이 불가하므로 등록 관련 문제가 있으시면 마감 3일전에 여유 있게 문의/요청 해주십시오.

▪ 문의처 : LG Careers 내 1:1 질문하기",,경력,2025-11-10,한국영업본부,{},2025-10-31,"{""combined"": ""C:\\workspace\\fproject\\backend-model\\img\\lg_job_1001045.png""}",D2C플랫폼 IT전략,https://careers.lg.com/apply/detail?id=1001045
LG,2025-11-10,"전공

전공무관

근무지

LG서울역빌딩

인원

0명

필수 사항

1) 웹/앱 서비스 QA 실무 및 관리 경험을 포함한 총 10년 이상의 경력
2) 테스트 계획 수립 및 테스트 케이스 작성·관리 경험
3) 기획서(BRD/PRD) 분석을 통한 테스트 시나리오 도출 능력과 단위·통합·회귀 테스트 수행 및 결함 추적 경험
4) Jira 등 이슈 트래킹 도구 활용 경험
5) 개발팀과 원활히 협업하면서도 객관적 관점에서 품질 리스크를 제기할 수 있는 커뮤니케이션 능력

우대 사항

1) 이커머스 플랫폼 QA경험, 테스트 자동화 도구(Autify 등) 구축/운영 경험

상세 내용

■ 맡게 될 업무를 소개해요

LGE.com 품질 보증 및 테스트/검증 수행
1) 기획서(BRD/PRD) 분석 및 테스트 케이스 작성, 단위·통합·회귀 테스트 수행, 테스트 결과서 작성 등 전반적인 품질 관리 활동과 QC 인원 관리
2) 결함 추적 관리 및 품질 측정을 통한 의사결정 지원
3) 배포 전 최종 품질 게이트 역할 수행
4) AI 기반 테스트 자동화 도입을 통한 테스트 커버리지 및 생산성 향상

 

■ 함께 하게 될 팀을 소개해요

우리 팀은 LG전자 한국 D2C플랫폼인 LGE.com의 차별화된 고객 경험 제공과 비즈니스 성과 극대화를 목표로 하고 있습니다. 안정적인 플랫폼 운영과 시스템 고도화를 통해 고객 가치를 창출하며, 빠르게 변화하는 AI 시대에 발맞춰 고객 니즈에 선제적으로 대응하고 있습니다.
주요 업무로는 IT 전략 및 기술 로드맵 수립, 플랫폼 서비스 개발 및 성능 개선, 최신 IT 기술 적용 및 연구, 개발/운영 체계 및 인프라 관리를 하고 있으며, 이 모든 것을 실현하기 위해 팀원 개개인의 기술 역량 강화와 전문성 확보에 지속적으로 투자하고 있습니다.

 

■ 함께 할 동료의 한마디

""우리 팀은 LGE.com의 안정적인 운영과 시스템 고도화를 통해 고객 가치를 창출합니다.
투명한 소통을 바탕으로 팀원 각자의 전문성 강화를 위해 함께 노력하고 있습니다.
대규모 이벤트 운영부터 AI 시대에 맞는 고객 경험 혁신까지, 도전적인 과제를 함께 해결해나가고 있습니다.
쉽지 않은 여정이지만, 실질적인 성과를 만들어내는 보람이 있습니다.
그동안 쌓아오신 경험과 인사이트를 바탕으로 함께 성장해 나가길 기대합니다.""

지원 자격 및 절차
지원자격
▪ 병역 및 기타사항
  - 군필자 또는 면제자에 한함
  - 해외 여행에 결격 사유가 없는 경우에 한해 지원 가능합니다.
  - 취업 보호 대상자(보훈대상자/장애인)는 관련 법규 등에 의거하여 우대합니다. (향후 관련 증명서 제출 요청 예정)
  - 입사지원서 및 채용 전형 과정에서 허위 사실이 발각될 경우는 입사가 취소될 수 있습니다.

▪ 입사지원서의 모든 사항은 정확하게 입력해야 하며, 추후 입력사항이 허위로 판명될 경우에는 입사(합격)가 취소됩니다. 
  - 지원서 정보 오기입시 이로 인해 불이익을 받을 수도 있음을 사전 안내드리니 지원서 작성에 신중을 기해 주시길 부탁 드립니다.
전형절차

서류전형

~11월 초

인성검사

11월 중

1차면접

11월 중

2차면접

11월 말

검진 및 처우협의

11월 말~

▪ 채용 프로세스별 순서 및 일정은 내부사정에 의해 변경될 수 있으며, 전형결과는 LG Careers통해 확인 가능합니다.
제출방법
▪ 제출방법 : 반드시 LG그룹 채용사이트(careers.lg.com)을 통한 온라인 지원만 가능(우편, e-mail, 방문접수 불가)  
 - 지원서 제출은 마감 전까지 수시로 가능하며 가장 최근 저장한 상태로 최종 반영되니,  
   기한 내 제출완료 될 수 있도록 미리 수시로 저장 및 제출해 주시기 바랍니다.
 - 특히, 공고 마감일에는 지원자들의 문의가 폭주하여 답변 및 관련 대응이 늦어질 수 있으며,
   지원서 등록마감 시점 이후에는 입사 지원이 불가하므로 등록 관련 문제가 있으시면 마감 3일전에 여유 있게 문의/요청 해주십시오.

▪ 문의처 : LG Careers 내 1:1 질문하기",,경력,2025-11-10,,"{""company"": ""LG전자"", ""job_category"": ""품질 관리"", ""application_period"": ""2025.10.31 06:00 ~ 2025.11.10 23:00""}",2025-10-31,"{""combined"": ""C:\\workspace\\fproject\\backend-model\\img\\lg_job_1001044.png""}",D2C플랫폼 SW 품질 관리,https://careers.lg.com/apply/detail?id=1001044
LG,2025-11-10,"전공

-

근무지

수원사업장

인원

-

필수 사항

해당 분야 경력 4년 이상 또는 반도체/디스플레이 장비 기구/제어 설계 경력 8년 이상

우대 사항

-

상세 내용

■ 로봇 System Integration

1) 로봇 제어 SW / 알고리즘 개발

- 로봇 협동기능 개발(직접교시, 충돌방지, 힘/강성제어 등)

- 다축/멀티암 제어 알고리즘 개발

(Kinematics, Dynamics, Friction, Jacobian 등)

2) 모터 서보드리아버 회로 설계 · FW 개발

- 모터제어 시스템 설계

- 서보드라이버 HW/FW 설계 (Safety B'd, Interface(I/O) B'd, Power B'd)

- 안전제어기 / 안전 인증(NRTL, UL)

3) Robot Production System(RPS) 기구/제어 설계

- 흐름 체결기 개발 / 빈피킹 시스템 개발

- 통합 PLC/PC 제어(로봇-비젼-컨베이어 연동, 상위 통신 연결)

 

■ 물류 자동화

1) 자동 창고 물류 시스템 설계

- Stacker Crane 표준화/모듈화 설계

(Rack, 승강장치, 주행장치, 포크/셔틀장치 구조 설계)

- 제어장치 컨트롤(PLC/PC), 경로 제어 알고리즘, 안전시스템 개발

2) AGV, AMR, Mobile Manipulator 기구/제어 설계

- 구동부 / 주행 플랫폼 / 센서 기구개발, 자율주행 제어/통신

3) 반도체 EFEM 기구/제어 설게

- Load Port / aligner / Transfer Robot / 유틸리티 기구 설계

- 다축 로봇 제어, 시퀀스 제어, 인터페이스/통신

 

■ 영업

1) 물류 자동화 분야 해외 영업(일본/미국)

- 글로벌 반도체 장비 고객사 대상 영업 및 신규 고객 발굴

- 영어/일본어 능통자 우대, 반도체 장비/부품 해외영업 경력자 우대

2) 로봇 System Integration 기술 영업

- 국내외 제조/물류 기업 대상 로봇 SI(시스템 통합) 솔루션 영업

- 프로젝트 제안 및 맞춤형 자동화 솔루션 제안

지원 자격 및 절차
지원자격
■ 병역 및 기타사항
     - 군필자 또는 면제자에 한함
     - 해외 여행에 결격 사유가 없는 자에 한함
     - 취업 보호 대상자(보훈 대상자/장애인)는 관련 법규 등에 의거하여 우대합니다. (향후 관련 증명서 제출 요청)
     - 입사지원서 및 채용 전형 과정에서 허위 사실이 발각될 경우에는 입사가 취소될 수 있습니다.

■ 입사지원서의 모든 사항은 정확하게 입력해야하며, 추후 입력사항이 허위로 판명될 경우에는 입사(합격)가 취소됩니다.
     - 지원서 정보 오기입 시 이로 인해 불이익을 받을 수도 있음을 사전 안내 드리니 지원서 작성에 신중을 기해주시길 부탁 드립니다.
전형절차

서류 검토

상시

1차 직무 면접

상시

2차 임원 면접

상시

처우 협의

상시

■ 채용 프로세스 별 순서 및 일정은 내부 사정에 의해 변경될 수 있으며, 전형 결과는 LG Careers 를 통해 확인 가능합니다.
제출방법
■ 제출방법 : 반드시 LG그룹 채용사이트(Careers.lg.com)를 통한 온라인 지원만 가능 (우편, E-mail, 방문접수 불가)
     - 지원서 제출은 마감 전까지 수시로 가능하며, 가장 최근 저장한 상태로 최종 반영되니
        기한 내 제출 완료될 수 있도록 미리 수시로 저장 및 제출하시기 바랍니다.
     - 특히, 공고 마감일에는 지원자들의 문의가 폭주하여 답변 및 관련 대응이 지연될 수 있으며, 
        지원서 등록 마감 시점 이후에는 입사 지원이 불가하므로 문의사항이 있으신 경우 마감 3일 전까지 문의해주시기 바랍니다.

■ 문의처 : LG Careers 내 1:1 질문하기 또는 이메일 (kangje@robostar.com) 문의
기타사항
■ 당사는 영업정보, 기술정보, 경영정보, 업무 상 비밀 등 기타의 경제적 가치가 있는 모든 정보를 
     정당한 정보원으로부터 적법하게 수집하며, 타인의 정보를 입수/이용/공유할 때는 적법하고 올바른 절차를 준수합니다.
     또한, 타인의 아이디어, 저작물, 기타 지적 산물은 권리자가 라이센스권을 부여해준 경우 등 
     당사가 사용할 수 있는 법적 권한을 가지고 있는 경우에만 한정하여 사용합니다.
■ 당사는 타사의 영업비밀을 부정한 방법으로 취득, 사용하지 않습니다.
     공정경쟁 원칙에 따라 당사는 채용 예정자로부터 이전 회사 소유의 어떠한 자료도 요구하거나 전달 받지 않습니다.
     따라서, 귀하는 업무 능력 증명 등의 목적으로 당사에 이전 회사의 영업비밀 관련 자료를 전달해서는 안되며,
     이전 회사의 영업비밀을 임의로 전달할 경우에는 채용 상 불이익이 있을 수 있습니다.",,경력,2025-12-31,,"{""company"": ""로보스타"", ""job_category"": ""연구/개발"", ""employment_type"": null, ""benefits"": null}",2025-11-03,"{""combined"": ""C:\\workspace\\fproject\\backend-model\\img\\lg_job_1001040.png""}","로봇 SI, 물류 자동화 경력사원 모집",https://careers.lg.com/apply/detail?id=1001040
LG,2025-11-10,"전공

전공무관

근무지

하이텔레서비스(본사)

인원

00명

필수 사항

■ 이러한 경험/역량이 있으신 분과 함께 하고 싶어요

- 고객서비스에 대한 열정과 긍정적 마인드를 소유하신 분

- MS Office 활용이 가능하신 분

- 원활한 의사소통 능력을 보유하신 분

- 팀워크 및 협업 능력을 보유하신 분

 

우대 사항

■ 추가로 이런 경험/역량이 있으면 더 좋아요

- 고객센터 상담 경력을 보유하신 분

- 고객유지 상담 경험을 보유하신 분

- 외국어 능력을 보유하신 분

 

상세 내용

■ 맡게 될 업무를 소개해요

- 구독(렌탈) 고객 계약 및 유지관리 상담

- 구독(렌탈) 요금납부 및 결제변경 관련 정보 제공

- 구독(렌탈)/케어십 고객 유지 상담

지원 자격 및 절차
지원자격
- 고등학교 졸업 이상 학력 소지자만 지원가능합니다.(필수) 
※ 취업보호대상자(장애, 보훈 등)는 관계 법령에 의거하여 우대합니다.(최종합격 시 증명서 제출 必, 허위사실일 경우 채용이 취소됩니다) 
※ 해외여행 또는 비자 발급 요건에 결격 사유가 없으신 분, 남자인 경우 병역 필 또는 면제되신 분에 한해 지원 가능합니다
전형절차

서류전형

인적성검사

면접전형

채용검진

최종합격

*본 공고는 상시 채용으로 전형 진행시 개별 연락드릴 예정입니다.
제출방법
■ 제출방법
- 지원서 제출은 LG Careers 채용사이트(https://careers.lg.com)를 통한 온라인 지원만 가능합니다.   
※ 우편 접수, 이메일 접수, 방문 접수 불가

■ 문의
- 채용 관련 문의 : 채용담당자(yeona1.kim@lge.com)
- 홈페이지 및 시스템 문의 : LG Careers 사이트 內 상단 ""채용문의-1:1 질문하기""를 이용하시기 바랍니다.
- 등록된 이메일/비밀번호 분실했을 경우  ""이메일주소/비밀번호 찾기"" 를 클릭하시어 확인하시기 바랍니다.
- 이메일, 보조이메일, 비밀번호 모두 분실했을 경우 ""이메일주소/비밀번호 찾기"" 하단에 ""로그인 문의"" 클릭하시어 문의하시기 바랍니다.
- 접수 마감일에는 과도한 접속으로 인하여 지원서 제출이 원활하지 않을 수 있으니, 미리 제출해주시기 바랍니다.
기타사항
■ 채용조건 
- 본 공고는 3개월 인턴(계약직) 근무 후 평가에 따라 정규직으로 전환되는 채용 건입니다. 
- 인턴 기간 동안 시급제(식대별도) 운영, 정규직 전환 시 연봉제로 운영됩니다. 
- 고객유지 성공 건수에 따라 별도 수당(月)이 지급됩니다. 
- 고객센터 업무 특성상 평일 연장 또는 주말 특근이 발생할 수 있으므로 가능하신 분만 지원 바랍니다. 


■ 기타 안내 
- 본 채용은 인력 확충을 위한 신규 채용이며 채용 완료 시 공고는 마감됩니다.
- 하이텔레서비스는 LG전자의 고객서비스 업무를 수행하는 LG전자의 자회사입니다.
- 서류전형 합격자를 대상으로 인성검사를 실시합니다. 
- 인성검사(LG Way fit test)는 LG Way에 적합한 인재상을 측정하는 검사로 약 50분가량 소요되며 안내에 따라 온라인으로 응시하는 방식입니다. 
- 입사지원서의 내용이 사실과 다른 경우 합격이 취소됩니다. 
- 경력직 지원자의 경우 채용전형 전 과정에 걸쳐 전· 현직 직장의 영업비밀을 침해하는 일이 없도록 각별히 유의하시길 바라며, 영업 비밀 침해 시 모든 책임이 본인에게 있음을 안내드립니다. 
- 각 전형단계 별 안내는 이메일과 문자메시지로 진행되오니 이메일 주소와 휴대폰 번호를 정확하게 기재하여 주시기 바랍니다.",,신입,2025-12-05,,"{""company"": ""하이텔레서비스"", ""job_category"": null, ""employment_type"": null, ""benefits"": null, ""tech_stack"": null}",2025-10-29,"{""combined"": ""C:\\workspace\\fproject\\backend-model\\img\\lg_job_1001037.png""}",LG전자 고객센터 상담 직무 채용(상시),https://careers.lg.com/apply/detail?id=1001037
LG,2025-11-10,"전공

전공 무관

근무지

곤지암리조트

인원

1명

필수 사항

■ 지원자격 (필수)

- 학력 : 전문학사 이상

- 전공 : 무관

- 경력 : 유관 경력 2년 이상(최소)

- 자격 : 무관

- 해외여행에 결격사유가 없는 자 / 남자의 경우, 병역필 또는 면제자

우대 사항

■ 우대사항 

- 아르바이트/일용직 인사운영(급여,근태), 4대 보험 운영 및 관리 경험자

- 300인 이상 기업이나 단기근무자(알바,일용직 등) IN&OUT이 많은 기업 근무 경력자

- 성격이 꼼꼼하고 계획적이며 숫자 감각이 있으신 분

- 컴퓨터 활용 능력 우수자 (엑셀)

 

 

상세 내용

■ 함께할 팀, 함께 성장해요!

- 근무하실 레저)HR팀은 레저 사업 방향과 연계한 전략적 지원을 위해 서비스업에 적합한 우수 인재를 적기 확보하고 직원경험 개선을 통해 서비스 전문가로 성장할 수 있도록 최적의 직원 제도/문화/환경을 조성하고 있습니다.

- LG그룹의 프리미엄 종합 레저 서비스업의 성장에 따라 함께 성장하실 수 있습니다.

- 곤지암리조트(경기도 광주) 내에 위치한 사무실(최근 리모델링 완료)에서 근무하게 되며, 고객 접점과 가까운 곳에서 업무의 결과를 직접 느끼며 일하실 수 있습니다.

 

■ 입사하면 무슨 일을 하나요?

① 계절직/일용직 인사 운영 및 관리 (행정 업무 및 기타 지원)

② 계절직/일용직 4대 보험 운영 및 관리 (취득/상실/일용근로소득지급명세 등)

③ 계절직/일용직 근태 및 연차 관리

④ 계절직/일용직 제증명 발급 (재직/경력/급여명세서 등)

⑤ 계절직/일용직 근로계약서 외 각종 서류 관리

⑥ 계절직/일용직 채용 업무 (자사홈페이지, 알바몬 공고 및 채용률 현황 등)

⑦ 임직원 사원증 관리 (발급/갱신/식수 등록 등)

 

■ 함께할 회사 (http://www.dnocorp.com)

- D&O가 생소하실 텐데요. D&O는 ㈜LG의 100% 자회사로 22년 4월 1일부터 새로운 사명으로 변경된 서비스 혁신 기업입니다.

- D&O는 Development와 Opportunity를 의미합니다. : 고객을 위한 새로운 가치를 개발하고 특별한 경험의 기회를 제공함.

- 사업영역은 레저사업 (곤지암리조트, 서울보타닉파크 코트야드호텔 등), 부동산컨설팅사업, 공유오피스사업(플래그원), CM사업(건설시공관리)을 수행하고 있습니다.

 

더불어 장기적인 성장 관점에서 신사업 기회를 발굴하고 있습니다.

지원 자격 및 절차
지원자격
- 보훈/장애인 취업지원 대상자는 관련 법규에 의거하여 우대
전형절차

서류전형 / 면접전형

채용검진 / 처우협의

- 면접 이후 채용 검진을 실시하며 검진 결과에 따라 입사가 취소될 수 있습니다.
- 전형 결과는 메일과 문자를 통해 안내하며, 채용 홈페이지를 통해 확인할 수 있습니다.
제출방법

- 보훈대상자 / 장애인은 관련법규에 의거하여 우대
- 당사 홈페이지(Careers.lg.com) 內 채용 Site에서 On-line 지원 
   ※ 우편접수, e-mail 접수 및 방문접수는 받지 않습니다. 

- 비밀번호 분실, 지원서 수정 및 오류발생 문의
　: LG Careers 사이트 (Careers.lg.com) 상단 “채용문의” → “1:1질문하기”로 문의 

- 지원서 등록마감시점 이후에는 기간연장 및 공고지원이 불가하므로,
　등록관련 문제가 있으시면 반드시 마감 3일전까지 확인하시고 문의 및 관련 요청 완료 하셔야 합니다.
기타사항
- 채용형태 : 계약직(1년) / 평가 후 연장 유무 결정
- 근무지 : 경기도 광주시 곤지암리조트
　: 곤지암리조트 근무자 기숙사 제공 (2인 1실 기준)
　: 리조트 특성상 화~토 기본 근무 (일, 월 휴무) / 부서 업무 특성에 따른 근무일 조정 가능 (주 5일 스케쥴 근무)
- 본 채용은 서류검토 → 1차면접 → 채용검진 → 처우협의 순으로 진행 됩니다.
- 입사지원서는 모든 사항을 정확하게 입력해야 하며, 추후 입력사항이 허위로 판명될 경우에는 입사(합격)를 취소할 수 있습니다. 
- 전형 결과는 합격 여부와 무관하게 메일 및 문자를 통해 안내하며, 채용 홈페이지를 통해 확인할 수 있습니다.

- 관련 사이트
　1) LG채용포탈 (Careers.LG.com)
　2) D&O Corp. 홈페이지 (www.dnocorp.com)
　3) D&O Corp. 블로그 (www.dnocorpblog.com)

※ 채용서류 반환 관련 안내
　당사는 ‘채용절차 공정화에 관한 법률’을 준수하며, 하기와 같이 채용서류 반환 청구 신청이 가능합니다.
　(LG Careers 사이트나 전자우편을 통해 제출하신 서류는 대상에서 제외됩니다.)
　- 대상 서류: 전형 진행과정에서 직접 제출하신 각종 서류 및 자료 일체
　- 신청 기간: 최종 합격자 발표 후 180일 이내
　　　  　　　(단 해당기간 내 반환 청구가 없을 경우 개인정보 보호법에 따라 보관 및 파기 예정입니다.)
　- 신청 방법: LG Careers 로그인 후 ""1:1 질문하기""에 [채용서류 반환 청구서] 작성 후 첨부하여 반환 문의 등록
　- 반환 절차: 채용담당자가 반환 신청 문의 확인 후 14일 이내 요청서류를 반환
　　　  　　　(등기 배송이며, 반환시 발생하는 비용은 전액 회사에서 부담합니다.)
※ 기타사항
- 보훈대상자/장애인/기초생활수급자 및 차상위계층은, 관련법규에 의하여 우대
- 입사지원서는 모든 사항을 정확하게 입력해야 하며, 추후 입력사항이 허위로 판명될 경우에는 입사(합격)를 취소할 수 있습니다. 

※ 2022년 4월 1일부로 S&I Corp. 사명이 D&O로 변경되었습니다.",계약직,신입/경력,2025-11-10,,"{""job_category"": ""HR/인사"", ""additional_info"": {""application_period"": ""2025.10.23 06:00 ~ 2025.11.10 23:00""}}",2025-10-23,"{""combined"": ""C:\\workspace\\fproject\\backend-model\\img\\lg_job_1001007.png""}",레저)HR팀 인사운영(계약직) 채용,https://careers.lg.com/apply/detail?id=1001007
LG,2025-11-10,지원 자격 및 절차,정규직,신입/경력,2025-12-21,,"{""company"": ""하이엠솔루텍"", ""recruitment_period"": ""하반기/'26년 상반기""}",2025-10-02,"{""combined"": ""C:\\workspace\\fproject\\backend-model\\img\\lg_job_1000972.png""}",시스템에어컨 서비스엔지니어 상시 채용 ('25년 하반기/'26년 상반기),https://careers.lg.com/apply/detail?id=1000972
LG,2025-11-10,"전공

업무 유관 전공 우대

근무지

본사(상암) 및 프로젝트 위치

인원

00명

필수 사항
📝 지원 방법 

 

인재POOL 등록 💫

 

본 공고는 상시 인재풀 등록을 위한 공고입니다. 

등록된 이력서는 인사팀에서 상시로 검토를 진행하며, 서류 전형 합격하신 분들께 개별적으로 안내드립니다.

 

인재 Pool 등록을 통해 저희와 함께 새로운 기회를 경험해보세요! 🌟

여러분의 열정과 역량을 기다리고 있습니다.

 

※ 추천을 통한 지원인 경우 반드시 지원경로와 추천인 성함을 기재해주세요 ※

우대 사항
🔍이런 분을 찾고 있어요!

 

비즈테크아이와 함께 성장하고자 하는 의지와 목표가 분명하신 분

지원 분야에서 2년 이상 실무 역량을 갖추신 분

 

 

상세 내용

우리는 LG CNS의 자회사로서 지난 20여 년간 LG그룹을 비롯한 국내외 기업들에게 전문화된 종합 IT 서비스를 제공해왔습니다.

또한, 다양한 영역에서 축적한 전문성을 바탕으로 재무적으로나 규모적으로 안정적인 성장을 지속하고 있으며 신뢰와 소통을 통한 개인의 성장을 응원합니다.

 

비즈테크아이에서 함께 성장하실 분들을 모십니다. 😊

지원 자격 및 절차
지원자격
■ 해외여행에 결격사유가 없는 분만 지원 가능합니다. 
■ 남자는 병역필 또는 병역 면제인 경우에만 지원 가능합니다.
     (병역특례 신규편입 및 전직은 지원이 불가능합니다.)

※ 해당 공고는 상시채용을 위한 인재Pool로 활용되며, 별도의 마감 일정이나 전형 일정, 세부 지원자격 등이 없습니다. 


전형절차

서류 검토

수시

LG Way Fit Test

면접

처우 제안

채용 검진

■ 본 공고는 별도의 전형 일정 등이 정해지지 않았으며, 접수 완료된 지원서를 순차적으로 검토하여 합격/불합격을 안내할 예정입니다.
■ 각 단계별 전형 결과는 지원서 상에 기재한 이메일로 안내되며, LG그룹 채용 사이트(https://careers.lg.com)를 통해 확인하실 수 있습니다.


제출방법
■ 제출 방법
  - LG그룹 채용 사이트(https://careers.lg.com)를 통한 온라인 지원만 가능합니다. (우편/e-mail 접수 및 방문 접수 불가) 
  - 동일 기간 동안 비즈테크아이 채용 공고에 중복 지원은 불가합니다.
  - 당사의 채용 전형이 진행 중인 지원자의 경우, 기존 채용 전형이 종료된 이후 다른 공고에 지원이 가능합니다.
■ 문의처
  - LG Careers 사이트 內 [채용문의] → [1:1질문하기]를 이용 바랍니다. (시스템 에러, 비밀번호 분실, 기타 채용 관련 
기타사항
■ 지원서의 내용이 사실과 다르거나 문서 증빙이 불가능할 경우 합격이 취소되거나 전형상의 불이익을 받을 수 있습니다.
     지원서 작성 시에는 반드시 인적 사항을 재확인하셔서 오류가 없도록 해주시기 바랍니다.
■ 취업보호대상자(보훈대상자/장애인), 기초 생활 수급자 및 차상위 계층은 관련 법규에 의거하여 우대합니다.
■ 입사 지원 관련 구비서류는 최종 합격자에 한하여 제출하게 됩니다.",,신입/경력,2025-12-31,,"{""company"": ""비즈테크아이"", ""job_category"": ""연구/개발"", ""employment_type"": ""상시채용""}",2025-09-29,"{""combined"": ""C:\\workspace\\fproject\\backend-model\\img\\lg_job_1000948.png""}",상시 인재 채용 (인재 Pool),https://careers.lg.com/apply/detail?id=1000948
LG,2025-11-10,"전공

전공무관

근무지

서울특별시 강서구

인원

0명

필수 사항

전공무관

우대 사항

컴퓨터/보안/정보통신 등 관련 학과 전공자

관련직무 경력자

상세 내용

데이터보안팀은 사내 정보유출 예방을 위해 보안솔루션을 활용한 이상행위 분석 및 인식제고 활동을 하고 있습니다.

 

■ 우리팀에서 하고 있는 일(주요 R&R)
- 사내 정보보호 활동  
  ㄴ 정보보안솔루션 운영 및 정보유출 모니터링 / 임직원 인식제고

 

■ 수행 업무
- 정보보안솔루션 운영 및 정보유출 모니터링


■ 필요 경험/경력
- 시스템 또는 보안솔루션 운영 경험 우대

 

■ 필요역량
- 원할한 커뮤니케이션 능력

 

 

- 계약기간: 1년
※ 입사 축하 사이닝보너스 지급,
    계약 만료 한 달 전 평가결과 A 이상일 경우 별도의 우수성과 인센티브 지급
    * 단, 처우는 전 직장 기반 협의

지원 자격 및 절차
지원자격
- 지원자격은 상세내역 참고 
- 해외여행 및 건강상 결격사유가 없는 자
- 남성의 경우 병역필 또는 면제자
전형절차

서류전형

인성검사

1차면접

2차면접

평판조회/처우협의

건강검진

입사

 
제출방법
- 지원 방법 : LG Careers (careers.lg.com)을 통한 온라인 접수만 가능 (E-Mail 및 우편/방문접수 불가) 
- 관련 문의 : LG Careers (careers.lg.com) 내 '채용문의' - '1:1질문하기'를 이용해주시기 바랍니다.
- 제출 기한 : 2025년 11월 10일(월) 23:00 까지
- 마감 시간 전 작성완료 후 제출하여야 정상적으로 지원이 됩니다. 
기타사항
- 국가보훈대상자 및 장애우는 관계법령에 의거 우대합니다. (면접 시 증빙제출) 
- 입사지원서는 모든 사항을 정확히 입력해야 하며, 추후 입력사항이 허위로 판명될 경우 입사(합격)가 취소됩니다.",계약직,경력,2025-11-10,,"{""company"": ""LG유플러스"", ""job_category"": ""정보보안"", ""application_period"": ""2025-09-24 09:00 ~ 2025-11-10 23:00""}",2025-09-24,"{""combined"": ""C:\\workspace\\fproject\\backend-model\\img\\lg_job_1000931.png""}",정보보안센터 정보 유출 리스크 관리 계약직 채용,https://careers.lg.com/apply/detail?id=1000931
LG,2025-11-10,"전공

전공 무관

근무지

서울특별시 용산구

인원

0명

필수 사항

학사(4년제) 이상
관련직무 경력 3년 이상
 

우대 사항

정치, 사회 관련 학과 전공
관련직무 경력 5년 이상

상세 내용

홍보기획팀은 자사 사업에 대한 이해와 통신 정책에 대한 이해를 바탕으로 우호 여론을 조성하고 부정기사 확산을 방지해 자사의 이미지 제고에 기여하는 업무를 수행하고 있습니다.

 

■ 우리팀에서 하고 있는 일(주요 R&R)
- B2B 분야 보도자료 작성 및 기획
- 사회부 및 방송 기자 네트워크 확보 
- 정책 홍보 및 RISK 관리
- 언론 기사 모니터링 및 대응

 

■ 수행업무
- 홍보 자료 작성
- 사회부 및 방송 기자 네트워크 확보
- 정책 홍보 및 RISK 관리
- 언론 모니터링 및 당직 업무

 

■ 업무경험 및 필요역량
- 홍보를 위한 보도자료 및 기획 자료 작성 역량
- 언론사 중 특히 사회부 기자와의 네트워크 경험이 풍부하고 방송 기자에 대한 이해와 네트워크 경험이 있는 자
- 통신 정책 관련 업무 이해가 높고 RISK 관리 업무를 수행한 경험
- 언론 기사 모니터링 및 대응 업무

지원 자격 및 절차
지원자격
- 지원자격은 상세내역 참고 
- 해외여행 및 건강상 결격사유가 없는 자
- 남성의 경우 병역필 또는 면제자
전형절차

서류전형

인성검사

1차면접

(사전과제)

2차면접

(사전과제)

평판조회/처우협의

건강검진

입사

제출방법
- 지원 방법 : LG Careers (careers.lg.com)을 통한 온라인 접수만 가능 (E-Mail 및 우편/방문접수 불가) 
- 제출 기한 : 2025년 11월 11일(화) 23:00 까지
- 마감 시간 전 작성완료 후 제출하여야 정상적으로 지원이 됩니다.
- 관련 문의 : LG Careers (careers.lg.com) 내 '채용문의' - '1:1질문하기'를 이용해주시기 바랍니다.

기타사항
- 국가보훈대상자 및 장애우는 관계법령에 의거 우대합니다. (면접 시 증빙제출) 
- 입사지원서는 모든 사항을 정확히 입력해야 하며, 추후 입력사항이 허위로 판명될 경우 입사(합격)가 취소됩니다.",,경력,2025-11-11,,"{""company"": ""LG유플러스""}",2025-11-04,"{""combined"": ""C:\\workspace\\fproject\\backend-model\\img\\lg_job_1000860.png""}",홍보기획 경력채용,https://careers.lg.com/apply/detail?id=1000860
LG,2025-11-10,지원 자격 및 절차,,경력,2025-11-11,,"{""company"": ""LG유플러스"", ""job_category"": ""정보보안"", ""application_period"": ""2025.09.10 16:00 ~ 2025.11.11 23:00""}",2025-09-10,"{""combined"": ""C:\\workspace\\fproject\\backend-model\\img\\lg_job_1000612.png""}",개인정보점검팀장 경력채용,https://careers.lg.com/apply/detail?id=1000612
LG,2025-11-10,"로딩 중 입니다.
개인정보처리방침
이용약관
법적고지
이메일무단수집거부
LG그룹
LG Careers

ⓒ LG CNS. All Rights Reserved.",,,,,{},,"{""combined"": ""C:\\workspace\\fproject\\backend-model\\img\\lg_job_1000553.png""}",,https://careers.lg.com/apply/detail?id=1000553
LG,2025-11-10,지원 자격 및 절차,,,,,{},,"{""combined"": ""C:\\workspace\\fproject\\backend-model\\img\\lg_job_1001080.png""}",,https://careers.lg.com/apply/detail?id=1001080
LG,2025-11-10,"전공

전공 무관

근무지

LG트윈타워

인원

0명

필수 사항

● 이러한 경험과 역량이 있으신 분을 찾아요
-  계약 및 파트너십 제휴마케팅 기획 경험자 (3년 ~ 12년 경력을 보유하신 분)       

- OTT/영화/방송/미디어/플랫폼/컨텐츠 사업에 대한 이해도가 높은 분  

 

우대 사항

● 추가로 이런 경험과 역량이 있으면 더 좋아요
 - 상품 큐레이션 및 바잉수급 (영화, TV 컨텐츠 우대) 3년 ~ 12년 경력을 보유하신 분    

 - 자료 작성능력 (PPT, Excel, Etc.)이 있으신 분 
 - 영화 컨텐츠/ 플랫폼 산업 전반에 대한 이해가 높으신 분 
 - 중장기적 전략 수립 역량을 보유하신 분 
 - 영어 커뮤니케이션 가능자

 

상세 내용

● 함께할 조직을 소개해요
 - 우리 조직은 컨텐츠 파트너사와의 계약 협상과 체결부터 파트너십 고도화를 위한 다양한 제휴 활동을 통해, 재계약 기회와 추가 매출 발굴의 기회를 추진합니다.  

 최근 TVoD O&O 비즈니스를 통한 컨텐츠 추가 매출 증대를 목표로하여 매출을 다각화하고 있습니다. 

 

● 함께 할 동료의 한마디

 - O&O 사업을 위한 조직을 신설한지 첫 해로, TVoD 외에도 다양한 자사 O&O 비즈니스를 함께 발전시키면서 개인적으로도 성장할 수 있는 기회가 될 것입니다.   

 

● 맡게될 업무를 소개해요

 1. 스튜디오/파트너사와 계약 협상/체결

   - 스튜디오, 배급사 등 파트너사와 라이선스 계약조건 협상
 2. 비즈니스 모델 및 가격정책 설계
    - 수익분배 구조 설정 (R/S, MG 등)
    - 영화별 가격 전략 (렌탈/구매, SD/HD/UHD 등급별 가격 차별화)
 3. 컨텐츠 라이프사이클 관리 
    - 컨텐츠 온보딩 일정 협상 및 관리
    - 메타데이터 및 소재 전달 일정 조율
  4. 내부 협업 및 보고
    - 마케팅, 기획, 개발 유관부서와 일정 공유 및 협업
    - 계약 현황 및 수급 컨텐츠 라인업 정기 보고
  5. 계약 이행 및 정산 관리
    - 매출 정산 및 투자/비용 지급 관련 정기 점검 및 품의

지원 자격 및 절차
지원자격
[필수 지원자격]
1. 해당분야 경력 3년 이상
2. 학위/ 전공 : 학사 이상 학위 보유
3. 해외여행에 결격사유가 없는 인원(남자의 경우 군필 또는 면제자)
전형절차

서류 전형

인성 검사

1차면접

평판조회

2차면접

처우협의

[LG Way Fit Test(인적성검사)]
▪ LG Way Fit Test 일정 별도 공지
▪ LG Way Fit Test는 반드시 사전점검을 실시해야 본 검사 응시가 가능합니다. 
  개별 안내 받으신 안내문에 따라 사전점검을 반드시 진행하여 주시기 바랍니다.
  사전점검 미 이행 시, 본 검사를 응시하실 수 없습니다.
▪ 자세한 사항은 추후 안내문 참고 부탁드립니다.

[추가안내사항]
▪ 채용 프로세스별 순서 및 일정은 내부사정에 의해 변경될 수 있으며, 전형결과는 LG Careers통해 확인 가능합니다.
제출방법
▪ 제출방법 : LG그룹 채용사이트(careers.lg.com)을 통한 온라인 지원만 가능
※ 우편접수, e-mail 접수 및 방문접수 불가
▪ 문의처 : LG그룹 채용사이트(careers.lg.com) 내 담당자에게 문의하기 기능 활용
▪ 전형 일정 : 서류접수 → 서류결과 발표 → 인성검사 → 1차 면접 → 평판조회 →2차 면접
  * 평판조회는 1차면접과 2차면접 사이 진행됩니다.",,경력,2025-11-16,,"{""company"": ""LG전자"", ""job_category"": ""MS사업본부"", ""application_period"": ""2025.11.05 16:00 ~ 2025.11.16 23:00""}",2025-11-05,"{""combined"": ""C:\\workspace\\fproject\\backend-model\\img\\lg_job_1001069.png""}",webOS 플랫폼 TVOD 사업 전문가,https://careers.lg.com/apply/detail?id=1001069
LG,2025-11-10,지원 자격 및 절차,계약직,신입/경력,2025-11-10,,{},2025-11-04,"{""combined"": ""C:\\workspace\\fproject\\backend-model\\img\\lg_job_1001061.png""}",정부지원 훈련사업 운영 담당자 채용(계약직),https://careers.lg.com/apply/detail?id=1001061
LG,2025-11-10,"전공

간호학과

근무지

여수

인원

0명

필수 사항

학사학위 이상

간호사 면허 보유

사업장 보건관리자 선임 경력 보유

우대 사항

산업보건/위생 관련 자격증 보유자

상세 내용

* 건강관리실 운영, 응급처치 및 대응
* 건강검진 관리(일반/특수/종합)
* 유소견자 사후관리(상담/사후검진)
* 임직원 건강증진활동 운영
* 산업안전보건법에 따른 보건관리자 업무 전반

지원 자격 및 절차
지원자격
1) 4년제 학사 이상 학위를 보유하신 분
2) 간호사 자격을 보유하신 분
2) '26년 1월부터 근무 가능하신 분
  ※ 최종 면접에 합격하신 분은 1년간 계약직으로 근무하시게 됩니다. (평가결과에 따라 계약연장 검토 가능) 
3) 해외여행에 결격 사유가 없는 자, 남성의 경우 군필 혹은 면제자
4) 보훈대상자는 관련 법규에 의거 우대합니다.

※ 동시에 진행되는 공고에 중복 지원을 삼가 주시기 바랍니다.
여러 공고에 중복 지원된 경우 회사에서 판단하여 가장 적합한 공고로만 진행하게 될 수 있으니, 
A공고 지원 완료 후 더 적합하다고 판단되는 B공고에 지원을 희망하시는 경우 A공고는 지원 취소를 해 주시기 바랍니다.
전형절차

서류전형

1차면접

2차면접

채용검진

최종전형

 
제출방법
1) 본 사이트를 통한 접수만 가능합니다. (우편접수, E-mail 접수 및 방문접수는 받지 않습니다.)
2) 각 전형결과 및 통보는 E-mail을 통해 진행되오니, E-mail 주소를 정확하게 기재하여 주시기 바랍니다.
3) 기타 문의사항 발생 시
      - 채용관련문의 : LG Careers 1:1 문의
        ※ E-mail 및 비밀번호 분실 시 “로그인”에서 이메일주소 및 비밀번호 찾기를 통해 확인
        ※ 공고마감일은 지원 관련 문의가 많아, 이에 대한 답변 및 대응이 늦어질 수 있습니다.
        등록마감 이후, 추가 등록 및 수정이 불가하므로 반드시 등록 관련 문의는 마감 3일 전까지 요청 완료하여 주시기 바랍니다.
기타사항
1) 허위기재 사실이 발견될 시에는 즉시 불합격 혹은 입사 취소합니다. 
2) 당사의 사업들은 독자적인 기술로 이루어지고 있으며, 채용자들은 입사 후, 당사의 기술과
    업무 매뉴얼을 바탕으로 업무를 하게 되므로 당사는 타 회사의 영업비밀을 필요로 하지 않으며,
    필요한 경우 합법적인 방법과 절차를 통해 취득하여 사용합니다.
    경력 지원자께서는 전 직장의 영업비밀을 침해하는 일이 없도록 각별히 유의하시기 바라며, 
    침해 시 본인의 책임임을 주지하여 주시기 바랍니다.
※ 과거 LG그룹 근무 이력이 있으신 경우에는 반드시 이력사항에 기재해주시기 바랍니다.
※ Nate 메일 계정은 간혹 수신이 되지 않는 경우가 있으니 가급적 타 계정으로 ID를 사용 부탁드립니다.",계약직,경력,2025-11-16,여수,"{""company"": ""LG화학"", ""job_category"": ""보건관리"", ""employment_period"": ""D-6""}",2025-11-03,"{""combined"": ""C:\\workspace\\fproject\\backend-model\\img\\lg_job_1001057.png""}","보건관리 분야 경력사원 모집 (석유화학.여수, 계약직)",https://careers.lg.com/apply/detail?id=1001057
LG,2025-11-10,"로딩 중 입니다.
개인정보처리방침
이용약관
법적고지
이메일무단수집거부
LG그룹
LG Careers

ⓒ LG CNS. All Rights Reserved.",,경력,2025-11-30,,"{""company"": ""LG CNS"", ""application_period"": ""2025.11.03 06:00 ~ 2025.11.30 23:00""}",2025-11-03,"{""combined"": ""C:\\workspace\\fproject\\backend-model\\img\\lg_job_1001052.png""}",금융/공공분야 사업개발 전문가 모집(경력),https://careers.lg.com/apply/detail?id=1001052
LG,2025-11-10,"전공

산업공학/AI/데이터융합/통계/빅데이터 관련 전공

근무지

파크원, 서초R&D캠퍼스, 오창에너지플랜트

인원

0명

필수 사항

■ 이런 분을 찾고 있어요

 - AI관련 연구로 석/박사 학위자

 - Deep Learning 모형에 대한 이해

 - Python 프로그래밍 경험, AI Toolkit 사용 경험

 - Pytorch, Tensorflow 등 딥러닝 프레임워크 경험

우대 사항

■ 이런 분이면 더 좋아요

 - Top-tier AI conference 논문 제출 경험

 - Multimodal 데이터를 활용한 DL/ML 모형개발 경험

상세 내용

■ 직무에 대해 소개드려요
Problems, applications에 따른 최적의 ML Algorithms 연구 및 구현, 검증, 적용
 

■ 이런 일을 합니다.

[수행업무]

 - Cost절감/Profit 극대화/공급망 최적화를 위한 시계열 예측 및 최적화 기술 개발

 - Tabular, Signal Domain에서의 최신 AI 기법을 활용한 Prediction/Estimation 모형 개발

 - 설계 변수, 공정 변수, Sensor Signal을 활용한 AI Solution 개발

 - 여러 배터리 모델에서 모두 동작 가능하도록 Foundation model, Domain Adaptation 기술 개발

 

[향후 비전]

 - 배터리 Field의 다양한 문제를 AI로 해결하는 전문가

 

 

※ 직무면접 Tool : PT면접, 코딩테스트 등이 진행될 수 있습니다.

지원 자격 및 절차
지원자격
1) 경력기간 (지원서 작성 시점 기준)
   - 학사 : 만 36개월 이상
   - 석사 : 만 12개월 이상
   - 박사 : 경력기간 제한 없음. (기 졸업자 또는 '26년 2월 졸업예정자 지원 가능)
    ※ 학위기간(재학) 중의 경력은 기간에 산입하지 않음
    ※ 모집분야 상세내역에 있는 필수요건이 우선임
2) 해외여행에 결격사유가 없는 자, 남성의 경우 군필 혹은 면제자 (전문연구요원 전직 불가)
3) 보훈대상자는 관련 법규에 의거 우대합니다.


[상시 모집 공고 안내사항] 
▪ 본 공고는 상시 채용을 위한 인재 Pool로 활용되며, 접수된 지원서는 약 2~3주 주기로 검토가 진행됩니다.
▪ 등록 후에도 LG에너지솔루션의 타 모집 공고에도 지원이 가능하며, '기존 지원서 불러오기 기능'을 이용하시면 더욱 편리합니다. 
▪ 본 공고는 '26년 6월까지 운영되며, 등록하신 내용은 관계 법령에 의거하여 3년간 유효합니다.
전형절차

서류전형

LG Way Fit Test 및 영어 Oral Test

1차 면접(직무면접 포함)

2차 면접(채용 검진 및 평판조회 포함)

최종전형

 
제출방법
1) 본 사이트를 통한 접수만 가능합니다. (우편접수, E-mail 접수 및 방문접수는 받지 않습니다.)
2) 각 전형결과 및 통보는 E-mail을 통해 진행되오니, E-mail 주소를 정확하게 기재하여 주시기 바랍니다.
3) 동일 기간 동안 LG에너지솔루션 채용 공고에 중복 지원은 불가합니다.
   LG에너지솔루션 채용 공고 전형 진행 중인 지원자의 경우 전형 단계에서 불합격한 이후 다른 공고에 지원이 가능합니다.
4) 기타 문의사항 발생 시
   ① LG Careers Site 內 상단 “채용문의”에서 1:1 질문하기를 통해 문의
   ② E-mail 및 비밀번호 분실 시 “로그인”에서 이메일주소 및 비밀번호 찾기를 통해 확인
       ※ 공고마감일은 지원관련 문의가 많아, 이에 대한 답변 및 대응이 늦어질 수 있습니다.
          등록마감 이후, 추가 등록 및 수정이 불가하므로 반드시 등록 관련 문의는 마감 3일 전까지 요청완료하여 주시기 바랍니다.
기타사항
1) LG그룹사 내 중복지원 관련 별도 제한 없으나, LG에너지솔루션 공고 간 중복 지원은 불가합니다. 
2) 허위기재 사실이 발견될 시에는 즉시 불합격 혹은 입사 취소합니다. 
3) 당사의 사업들은 독자적인 기술로 이루어지고 있으며, 채용자들은 입사 후, 당사의 기술과
   업무 매뉴얼을 바탕으로 업무를 하게 되므로 당사는 타 회사의 영업비밀을 필요로 하지 않으며,
   필요한 경우 합법적인 방법과 절차를 통해 취득하여 사용합니다.
   경력 지원자께서는 전 직장의 영업비밀을 침해하는 일이 없도록 각별히 유의하시기 바라며, 
   침해 시 본인의 책임임을 주지하여 주시기 바랍니다.

*채용 전형이 2~3지망 직무로 진행될 수 있습니다.
*직무면접은 구술면접, PT면접, 상황면접, 외국어면접, 코딩테스트 등으로 진행될 수 있습니다.
*경력이 일정 기간 이상인 경우 면접전형 중 평판조회를 진행합니다. (대상자 별도 안내)",,경력,2026-06-30,,"{""company"": ""LG에너지솔루션"", ""job_category"": ""연구개발"", ""employment_status"": ""상시 모집""}",2025-11-03,"{""combined"": ""C:\\workspace\\fproject\\backend-model\\img\\lg_job_1001034.png""}",AI/빅데이터그룹 연구개발 경력 상시 모집,https://careers.lg.com/apply/detail?id=1001034
LG,2025-11-10,"전공

기계공학, 메카트로닉스, 제어, 재료공학 관련학과 

근무지

창원 LG스마트파크

인원

0명

필수 사항

▶ 이러한 경험/역량이 있으신 분과 함께 하고 싶어요

· 학위 : 학사 이상 학위 소지자

· 전공 : 기계공학, 메카트로닉스, 제어, 재료공학 관련학과 졸업자

· 경력 기간 : 3년 이상 (아래 경험중 한 가지 이상 포함 必)

: 로봇 액추에이터(모터, 드라이버, 엔코더, 브레이크등) 개발 경험자

: 산업용 로봇/협동 로봇용 구동 모듈 개발 경험자

: 모터/감속기 통합 구조 설계 경험자

우대 사항

▶ 추가로 이런 경험/역량이 있으면 더 좋아요

· 3D CAD 사용 경험

· 영어 및 중국어로 업무 소통 가능

상세 내용

▶ 맡게 될 업무를 소개해요

· 산업용/상업용/휴머노이드용 액추에이터 설계 및 부품 개발

· 모터, 드라이버, 엔코더, 브레이크등 구동 부품 모듈화 개발

· 로봇 구동부 기술 향상을 위한 액추에이터 성능 개선

· 액추에이터 수명 개선

 

▶ 함께 하게 될 팀을 소개해요

· 우리팀은 산업 전반에 사용중인 로봇용 액추에이터 개발을 통해서 세계 최고 수준의 경쟁력을 확보하여 고객에게 가치를 제공하는 조직이에요.
· 우리가 제공하는 고객 가치는 로봇 제품이 경쟁력을 가질 수 있도록 구동용 액추에이터 설계를 담당하고 있습니다.
· LG전자 내 로봇관련 조직과 밀접하게 협업하여 로봇 제품 개발에 참여하고 있으며, 외부 대형 거래선과도 협업을 진행해요.
· 새로운 사업에 대한 열정과 도전의식을 가지는 팀을 구성하여 함께 발전하고 싶은 인재라면 누구든지 환영합니다.
 

▶ 함께 할 동료의 한마디

· 로봇의 핵심은 액추에이터입니다. 부품이 아니라 솔루션을 만든다는 생각으로 기계, 전기, 제어의 경계를 넘어 함께 고민하고 성장할 수 있습니다. 
 우리팀은 ""왜?""라는 질문을 두려워하지 않습니다. 열린 조직, 앞서가는 조직에서 함께 역사를 만들어 갑시다. 
· 가전제품 기술 Zero Labor 노하우를 넘어 로봇으로 또 다른 혁신의 심장을 뛰게 해봅시다. 
· 변화와 도전을 두려워하지 않는 LG전자와 함께 로봇의 핵심부품인 액추에이터를 만들어 갑시다. 
· 우리가 만드는 작은 액추에이터 하나가 내일의 휴머노이드와 로봇 산업을 움직입니다. 그 설레는 순간을 함께해요.
· 정밀한 움직임 하나에도 팀의 열정이 담깁니다 로봇을 더 똑똑하게, 더 부드럽게 움직이게 만들고 싶은 당신을 기다립니다.

 

▶ 알면 좋을 Tip!

[자기소개서 가이드]
· 임팩트 있었던 업무/프로젝트와 그 결과에 대해 구체적 기술
· 문제를 발견하여 주도적으로 해결해 보신 경험이 있다면 구체적인 사례를 바탕 기술
· 다양한 이해관계자와의 소통 속에서 설득을 통해 목표하는 바를 성공적으로 달성했던 경험 기술

[참고자료]
· LG전자의 B2B사업이 궁금하다면? → https://www.lge.co.kr/kr/business/
· LG전자 부품솔루션사업부의 이야기가 궁금하다면? → https://www.lg.com/global/business/compressor-motor

지원 자격 및 절차
지원자격
▪ 병역 및 기타사항
  - 군필자 또는 면제자에 한함
  - 해외 여행에 결격 사유가 없는 경우에 한해 지원 가능합니다.
  - 취업 보호 대상자(보훈대상자/장애인)는 관련 법규 등에 의거하여 우대합니다. (향후 관련 증명서 제출 요청 예정)
  - 입사지원서 및 채용 전형 과정에서 허위 사실이 발각될 경우는 입사가 취소될 수 있습니다.

▪ 입사지원서의 모든 사항은 정확하게 입력해야 하며, 추후 입력사항이 허위로 판명될 경우에는 입사(합격)가 취소됩니다. 
  - 지원서 정보 오기입시 이로 인해 불이익을 받을 수도 있음을 사전 안내드리니 지원서 작성에 신중을 기해 주시길 부탁 드립니다.
전형절차

서류전형

11월

인성 검사

11월~12월

면접전형(1차)

11월~12월

면접전형(2차)

처우 및 검진

▪ 채용 프로세스별 순서 및 일정은 내부사정에 의해 변경될 수 있으며, 전형결과는 LG Careers통해 확인 가능합니다.
제출방법
▪ 제출방법 : 반드시 LG그룹 채용사이트(careers.lg.com)을 통한 온라인 지원만 가능(우편, e-mail, 방문접수 불가)  
 - 지원서 제출은 마감 전까지 수시로 가능하며 가장 최근 저장한 상태로 최종 반영되니,  
   기한 내 제출완료 될 수 있도록 미리 수시로 저장 및 제출해 주시기 바랍니다.
 - 지원서 등록마감 시점 이후에는 입사 지원이 불가하므로 등록 관련 문제가 있으시면 마감 3일전에 여유 있게 문의/요청 해주십시오.

▪ 문의처 : LG Careers 내 1:1 질문하기",,경력,2025-11-16,,"{""company"": ""LG전자"", ""job_category"": null, ""tech_stack"": null, ""benefits"": null}",2025-10-31,"{""combined"": ""C:\\workspace\\fproject\\backend-model\\img\\lg_job_1001032.png""}",산업/상업/휴머노이드용 액추에이터 개발자 채용,https://careers.lg.com/apply/detail?id=1001032
LG,2025-11-10,지원 자격 및 절차,,경력,2025-11-16,,"{""company"": ""LG전자"", ""job_category"": null, ""tech_stack"": null, ""benefits"": null}",2025-10-31,"{""combined"": ""C:\\workspace\\fproject\\backend-model\\img\\lg_job_1001031.png""}",산업/상업/휴머노이드용 감속기 개발자 채용,https://careers.lg.com/apply/detail?id=1001031
LG,2025-11-10,"지원 자격 및 절차
전형절차

서류 검토

1차 면접

2차 면접

온라인 인성검사

채용검진

 
제출방법
▪ 접수방법 : LG그룹 채용 홈페이지(careers.lg.com) 지원
▪ 채용문의 : LG커리어스 홈페이지 내 1:1질문하기 이용
▪ 지원 마감일은 23시까지 지원 가능합니다.
기타사항
▪ 지원서 접수 마감일에는 지원자 접속이 많아 입사지원이 어려울 수 있으니, 미리 제출하시기를 권장합니다.
▪ 지원서 허위 작성시 채용 취소 등의 불이익이 있을 수 있으니 유의하시어 입력 바랍니다.",,경력,2025-11-11,,{},2025-10-28,"{""combined"": ""C:\\workspace\\fproject\\backend-model\\img\\lg_job_1001029.png""}",국내변호사,https://careers.lg.com/apply/detail?id=1001029
LG,2025-11-10,"전공

전공 무관

근무지

곤지암리조트/GC

인원

0명

필수 사항

■ 이런 분에게 열려 있는 기회입니다.
- 원활한 소통과 협업이 가능하신 분
- 고객가치를 최우선으로 생각하는 분

우대 사항

■ 이런 경험과 역량을 가지신 분이면 더 좋습니다.
- 관련 학과를 전공하신 분 (관광, 항공서비스, 비서, 호텔경영 등)
- 관련 자격증을 보유하신 분 (와인, 커피, CS관리사 자격증 등)
- 고객가치를 실현하고자 하는 분
- 업무를 적극적으로 리드하는 주도적인 마인드를 가진 분
- F&B전문가로 성장하기 위해 노력하고 역량개발에 힘쓰는 분

상세 내용

D&O는 고품격 식음서비스를 통해 최적의 F&B업장 이용환경을 조성하는 전문가로 성장할 신입사원(전환형 인턴)을 찾고 있습니다.

D&O와 함께 자신만의 고객가치를 실천해 나가는 보람과 기쁨의 기회를 잡으시길 바랍니다.

 

■ 업무를 통해 고객가치를 만들어 갑니다.(공통)
: 곤지암리조트와 화담숲, 골프클럽 내에서 운영 중인 식음업장을 방문하는 고객을 대상으로 F&B서비스를 제공합니다.
- 영업준비, 예약, 안내, 주문 및 결제, 위생관리 등 식음업장 제반 업무를 수행합니다.
- 기업행사, 비즈니스 워크샵, VIP방문 등 고객 특성에 따른 맞춤 서비스를 제공합니다.
- 고객 만족도를 파악하고 최고의 경험을 제공할 수 있도록 고객 가치 개선 업무를 수행합니다.
- 기물/소모품/자산관리 등 업장 운영을 지원합니다.

- POS 및 스마트원(사업부 자체 시스템) 등 전산운용 업무를 수행합니다.

 

■ RE)식음팀을 소개합니다.(리조트)

- D&O 레저사업부 식음팀은 곤지암리조트와 화담숲에 위치한 식음업장에서 근무합니다. 고객에게 각 업장의 특성에 맞는 프리미엄 서비스와 특별한 경험을 제공하기 위해 노력하는 팀입니다.
 

※ 주요 업장 소개
- 담하 : 정갈하고 깊은 한식의 맛을 경험할 수 있는 한식당 입니다.
- 미라시아 : 아침·점심에는 브런치뷔페를 운영하고 저녁은 화덕피자, 파스타와 시그니처 메뉴인 BBQ플래터 등 가족과 함께 즐길 수 있는 메뉴로 구성된 레스토랑 입니다.
- 카페테리아 : 한·중·양식을 모두 맛볼 수 있는 푸드코트로 실내 카페와 함께 고객들에게 쉼터 역할을 톡톡히 하고 있습니다.
- 연회장 : 다양한 규모의 세미나실을 보유하여 기업 및 단체 고객의 연회 행사를 담당합니다. 객실 룸서비스로 투숙객 대상 메뉴 배달 / 포장 서비스 또한 제공합니다.

이외에도 느티나무BBQ, 포레스트릿, 번지없는 주막, 힐링식당, 스타트하우스 등 다양한 식음업장을 운영 중입니다.

리조트의 영업장을 더 자세히 알고싶다면 '곤지암리조트 홈페이지'를 방문해보세요.
(곤지암리조트 홈페이지 : https://www.konjiamresort.co.kr/)

 

■ GC)식음팀을 소개합니다.(골프클럽)

- D&O 레저사업부 GC)식음팀은 곤지암GC(골프클럽)에 위치한 식음업장에서 근무합니다. 곤지암GC는 국내에서 저명한 VIP 회원제 명문 골프장으로 최고의 서비스를 제공하고 있습니다. 그 외에도 LG그룹 주관의 식음행사를 지원하고 있습니다.
 

※ 주요 업장 소개
- 클럽하우스 : 라운딩 전/후로 이용하는 메인 공간인 클럽하우스에서는 고품격 서비스를 제공하는 식음업장이 구비되어 있습니다.
- 스타트하우스/그늘집 : 라운딩 시작과 도중에 휴식을 취할 수 있는 식음업장입니다. 
- 라그로타 : 곤지암리조트에 위치한 국내 유일의 천연 동굴에서 숙성하는 와인과 함께 이탈리안 음식을 제공하는 식음업장입니다.

 

■ 배움과 성장의 즐거움을 함께합니다.(공통)
- 서비스 전문가로 성장할 수 있도록 커피, 와인, 전통주 등 F&B서비스 분야의 사내/외 교육기회를 제공합니다.
- 미슐랭 파인다이닝 및 호텔/리조트 동종사 벤치마킹, F&B 관련 박람회 참석을 통한 업계 트렌드 정보 파악의 기회가 열려 있습니다.
- 시즌별 판매현황, 고객군 분석, 식음 트렌드 등 다양한 주제를 협의하고 함께 학습합니다.

지원 자격 및 절차
지원자격
- 2년제 대학 이상 졸업자 및 졸업예정자 (졸업예정·유예자는 2025년 12월 입사 가능자 한정)
- 전공 및 경력 무관
- 해외여행에 결격사유가 없으신 분
- 남자의 경우, 병역필 또는 면제자
- 보훈/장애인 취업지원 대상자는 관련 법규에 의거하여 우대
전형절차

서류전형

~11/11

AI영상면접

11/15~17

1차면접

11월 말

채용검진

11월 말

※ 전형 일정은 변경될 수 있습니다. (예상 입사시기 : 12월 초)

- 1차 면접 이후 채용 검진을 실시하며 검진 결과에 따라 입사가 취소될 수 있습니다.
- 전형 결과는 메일과 문자를 통해 안내하며, 채용 홈페이지를 통해 확인할 수 있습니다.
제출방법
- 당사 홈페이지(Careers.lg.com) 內 채용 Site에서 On-line 지원
※ 우편접수, e-mail 접수 및 방문접수는 받지 않습니다.

- 비밀번호 분실, 지원서 수정 및 오류발생 문의
　: LG Careers 사이트 (Careers.lg.com) 상단 “채용문의” → “1:1질문하기”로 문의

- 지원서 등록마감시점 이후에는 기간연장 및 공고지원이 불가하므로,
　등록관련 문제가 있으시면 반드시 마감 3일전까지 확인하시고 문의 및 관련 요청 완료 하셔야 합니다.

- 입사 지원서는 모든 사항을 정확하게 입력해야 하며, 추후 입력사항이 허위로 판명될 경우에는 합격을 취소할 수 있습니다.
기타사항
- 채용형태 : 서비스인턴 (3개월, 채용전환형 인턴)
                    *근무평가 등 심의 결과에 따라 정규직 채용을 검토합니다.
- 인턴 기간동안 다면적 근무 평가를 위하여 직무, 소속 등이 변경될 수 있습니다.
- 인턴 근무기간 교육훈련비는 전액 회사가 부담합니다.
- 2인 1실 기숙사를 제공합니다. (인턴기간 중 최대 3인 1실)
- 골프클럽/리조트 근무 특성 상 주말근무가 발생할 수 있습니다.

- 관련 사이트
　1) LG 채용 포탈 (Careers.LG.com)
　2) D&O 홈페이지 (www.dnocorp.com)
　3) D&O 블로그 (blog.naver.com/dnocorp)
　4) D&O Youtube (https://www.youtube.com/@do1616)

※채용서류 반환 관련 안내
  당사는 '채용절차 공정화에 관한 법률'을 준수하며, 하기와 같이 채용서류 반환 청구 신청이 가능합니다.
  (LG Careers 사이트나 전자우편을 통해 제출하신 서류는 대상에서 제외됩니다.)
  - 대상 서류 : 전형 진행과정에서 직접 제출하신 각종 서류 및 자료 일체
  - 신청 기간 : 최종 합격자 발표 후 180일 이내
                        (단, 해당기간 내 반환 청구가 없을 경우 개인정보 보호법에 따라 보관 및 파기 예정입니다.)
  - 신청 방법 : LG Careers 로그인 후 ""1:1 질문하기""에 [채용서류 반환 청구서] 작성 후 첨부하여 반환 문의 등록
  - 반환 절차 : 채용담당자가 반환 신청 문의 확인 후 14일 이내 요청서류를 반환
                        (등기 배송이며, 반환시 발생하는 비용은 전액 회사에서 부담합니다.)",인턴,신입,2025-11-11,,"{""job_category"": ""레저"", ""recruitment_type"": ""채용연계형"", ""company"": ""곤지암리조트/GC""}",2025-10-22,"{""combined"": ""C:\\workspace\\fproject\\backend-model\\img\\lg_job_1001001.png""}",'25년 곤지암리조트/GC 하반기 식음서비스 직무 채용연계형 인턴 수시채용,https://careers.lg.com/apply/detail?id=1001001
LG,2025-11-10,"전공

전공 무관

근무지

미국 미시간주

인원

0명

필수 사항

■ 이런 분에게 열려있는 기회입니다.

- 학력 : 2년제 이상 졸업자 및 졸업예정자

- 전공 : 전공 무관 (상경계열 우대)

- 어학 : 영어 능통자

- 미국 현지 근무에 결격사유가 없는 자 / 남자의 경우, 병역필 또는 면제자

 

※ 합격 후 미국 비자 발급 중 문제가 발생하여 미국 현지 근무가 불가한 경우 채용이 취소될 수 있습니다.

 

우대 사항

■ 이런 경험과 역량을 가지신 분이면 더 좋습니다.

- 미국 현지에 위치한 한국 기업에서 인턴십 경험이 있으신 분

- MS-office 능숙자 (Excel, Power point, Word)

- 유관부서와의 원활한 소통과 협업 역량, 성실함을 갖추신 분

상세 내용

※ 본 채용은 이메일 지원만 가능하니 아래 이메일로 직접 국문 또는 영문 이력서 전달 바랍니다. (자유 양식, ~11/10까지 접수)
▶ recruit@dnocorp.com

D&O((주)LG 100% 지분 계열사)의 자회사인 D&O CM은 D&O CM AMERICA(미국법인)에서 근무할 총무 담당자를 현지 채용하고자 합니다.
Michigan, Arizona, Ohio, Georgia에 다수 프로젝트가 진행 중에 있으며, 주요 고객사인 LG Energy Solution의 배터리 생산 시설의 성공적인 시공을 위한 CM(Construction Management) 업무를 수행하고 있습니다.
LG그룹에서의 경험이 커리어에 Benefit이 될 것입니다.
상호 존중 속에서 D&O CM의 성장과 함께할 지원자를 찾습니다.

- 근무지 : 미국 미시간주 트로이 (Troy, State of Michigan, United States)
- 근무 시작일 : ’26년 1월 ~ 
 

■ 입사하면 무슨 일을 하나요?

- 외부 법무법인 변호사와 협업하여 현장 직원의 비자를 관리합니다.

- 현장과 원활하게 소통하며 외부 변호사와 협업하여 프로젝트 계약을 검토/관리합니다.

- 사무실, 숙소, 차량 등 사무환경과 자산/소모품을 관리합니다.

- 숙소, 차량, 장소 예약 등 출장자 지원 업무를 수행합니다.

지원 자격 및 절차
지원자격
- 미국 시민권/영주권을 보유하시거나 취업 비자 발급에 문제 없으신 분
- 해외여행에 결격사유가 없는 자 
- 남자의 경우, 병역필 또는 면제자

※ 합격 후 미국 비자 발급 중 문제가 발생하여 미국 현지 근무가 불가한 경우 채용이 취소될 수 있습니다.
전형절차

서류검토

1차면접

- 입사지원서는 모든 사항을 정확하게 입력해야 하며, 추후 입력사항이 허위로 판명될 경우에는 입사(합격)를 취소할 수 있습니다. 

- 1차 면접 이후 채용 검진을 실시하며 검진 결과에 따라 입사가 취소될 수 있습니다.

- 전형 결과는 메일과 문자를 통해 안내하며, 채용 홈페이지를 통해 확인할 수 있습니다.
제출방법
- 제출 방법 : recruit@dnocorp.com 주소로 E-mail 접수만 가능 
- 제출 서류 : 국문 이력서 (영문 이력서도 제출 가능)
- 제출 기간 : ~ '25년 11월 10일까지
기타사항
- 본 공고는 D&O CM 미국 법인 현지 채용으로 국내 D&O, D&O CM 본사의 직접 고용이 아닙니다.
- 근무형태 : 정규직
- 근무지 : 미국 미시간주 트로이 (Troy, State of Michigan, United States)
- 근무시작일 : '26년 1월

- 면접 전형은 총 1회 진행하며, 인적성 검사는 실시하지 않습니다.

- 입사 지원서는 모든 사항을 정확하게 입력해야 하며, 추후 입력사항이 허위로 판명될 경우에는 합격을 취소할 수 있습니다.

- 전형 결과는 메일을 통해 안내합니다.

- 관련 사이트
　1) LG 채용 포탈 (Careers.LG.com)
　2) D&O CM 홈페이지 (www.dnocm.co.kr)",,신입,2025-11-10,,"{""job_category"": ""총무"", ""application_method"": ""이메일 접수""}",2025-10-21,"{""combined"": ""C:\\workspace\\fproject\\backend-model\\img\\lg_job_1000992.png""}",미국 현지 채용 - 총무 신입사원,https://careers.lg.com/apply/detail?id=1000992
LG,2025-11-10,"전공

전공 무관

근무지

전국

인원

0명

필수 사항

학사(4년제이상)

프로젝트 이행 경험 보유자

우대 사항

정보통신 및 IT 관련 학과 졸업(우대)

정보통신기술자 고급 이상 및 PMP 보유자

상세 내용

프로젝트이행팀은 기업부문에서 수주한 통신서비스 구축 사업을 총괄하여 이행하는 역할을 수행하고 있으며, 품질(Q)/비용©/납기(D) 준수를 목표로 업무를 수행하고 있습니다. 최근에는 Digitalization 분야인 AI, Cloud, Digital Twin, Big Data 분야 사업에 대한 참여를 확대하고 있습니다.

 

■ 우리 조직에서 하고 있는 일(주요 R&R)
- 수주 프로젝트 수행
- 통신 서비스 구축 프로젝트 수행
- 사업 품질 확보를 위한 PMO 활동 수행

 

■ 수행 업무   
- 통신망 구축 사업 이행 업무
- 프로젝트 계획수립 및 변경관리
- 프로젝트 이슈 및 리스크 관리
- 프로젝트 전체 공정 및 품질 관리 
- 이해관계자와(고객,컨소시엄,협력사) 요구사항 조율 및 해결


■ 필요 경험/경력
- SI, NI 사업 이행 PM 경험 보유자
- 관련 직무 경력기간 5년 이상(필수)  

 

■ 필요역량
- 프로젝트 관리 역량
- 통신, NW 및 고객 인프라에 대한 기술적인 이해
- 보고서 및 산출물 등 문서 작성 역량
- 리스크 및 이슈 발굴 및 문제 해결 역량

지원 자격 및 절차
지원자격
- 지원자격은 상세내역 참고 
- 해외여행 및 건강상 결격사유가 없는 자
- 남성의 경우 병역필 또는 면제자

[상시 인재 Pool 모집 안내사항] 
※ 본 공고에 지원 시 상시 모집 인재 Pool로 활용됩니다. 별도의 마감기한은 없습니다. 
   (마감일정이 있는 모집공고 채용과는 구분하시기 바랍니다.)
※ 채용 Needs 발생시에 한하여 본 공고(인재 Pool)에 등록된 지원서를 비정기적으로 검토하고, 
   서류 합격자에 한해 개별 안내 예정입니다.
※ 입력한 지원서 내용은 전형이 시작되기 전까지 상시 수정, 보완 및 삭제가 가능합니다.
※ 계약기간: 프로젝트 별 상이합니다.
전형절차

서류전형

인성검사

1차면접

2차면접

평판조회/처우협의

채용검진

입사

제출방법
- 지원 방법 : LG Careers (careers.lg.com)을 통한 온라인 접수만 가능 (E-Mail 및 우편/방문접수 불가) 
- 관련 문의 : LG Careers (careers.lg.com) 내 '채용문의' - '1:1질문하기'를 이용해주시기 바랍니다.
기타사항
- 국가보훈대상자 및 장애우는 관계법령에 의거 우대합니다. (면접 시 증빙제출) 
- 입사지원서는 모든 사항을 정확히 입력해야 하며, 추후 입력사항이 허위로 판명될 경우 입사(합격)가 취소됩니다.",,경력,2026-03-31,,"{""company"": ""LG유플러스"", ""job_category"": null, ""tech_stack"": null, ""benefits"": null}",2025-10-02,"{""combined"": ""C:\\workspace\\fproject\\backend-model\\img\\lg_job_1000973.png""}",프로젝트 이행 PM 상시 인재 Pool,https://careers.lg.com/apply/detail?id=1000973
LG,2025-11-10,"전공

전공무관 (기계/전기전자 전공 우대)

근무지

오창에너지플랜트

인원

0명

필수 사항

■ 이런 분을 찾고 있어요
 - 전문대학 졸업 또는 졸업 예정(26.02)이신 분

우대 사항

■ 이런 분을 선호해요

 - 시험장비/계측기 운영 경험 또는 특성 이해 역량이 있으신 분
 - 중량물, 고전압 위험물인 배터리 팩 취급 가능한 산업안전 지식이 있고, 신체 건강하신 분

 - 시험/측정 업무 경험, 지식이 있으신 분

 - 기계/전기전자 전공하신 분

 - 외국어(영어) 활용이 가능하신 분

상세 내용

■ 이런 일을 합니다

 - 장비 일상점검 및 시험실 3정5S

 - 배터리 성능/안전성/환경시험 수행

 - 시험 Data 일상점검

 - 시험장비 검교정 및 유지보수

 - 시험 부자재 구매 및 기자재 관리

 

■ 참고해주세요
 - 입사 일로부터 1년간 근무하는 계약직이에요.
 - 평가에 따라 1년 연장이 가능하며, 최대 2년까지 근무 가능해요

지원 자격 및 절차
지원자격
1)  전문대학 졸업 또는 졸업 예정자(26.02)
2) 해외여행에 결격사유가 없는 자, 남성의 경우 군필 혹은 면제자 (전문연구요원 전직 불가)
3) 보훈대상자는 관련 법규에 의거 우대
전형절차

서류전형

LG Way Fit Test

통합 면접(채용 검진 포함)

최종전형

 
제출방법
1) 본 사이트를 통한 접수만 가능합니다. (우편접수, E-mail 접수 및 방문접수는 받지 않습니다.)
2) 각 전형결과 및 통보는 E-mail을 통해 진행되오니, E-mail 주소를 정확하게 기재하여 주시기 바랍니다.
3) 동일 기간 동안 LG에너지솔루션 채용 공고에 중복 지원은 불가합니다.
   LG에너지솔루션 채용 공고 전형 진행 중인 지원자의 경우 전형 단계에서 불합격한 이후 다른 공고에 지원이 가능합니다.
4) 기타 문의사항 발생 시
   ① LG Careers Site 內 상단 “채용문의”에서 1:1 질문하기를 통해 문의
   ② E-mail 및 비밀번호 분실 시 “로그인”에서 이메일주소 및 비밀번호 찾기를 통해 확인
       ※ 공고마감일은 지원관련 문의가 많아, 이에 대한 답변 및 대응이 늦어질 수 있습니다.
          등록마감 이후, 추가 등록 및 수정이 불가하므로 반드시 등록 관련 문의는 마감 3일 전까지 요청완료하여 주시기 바랍니다.
기타사항
1) LG그룹사 내 중복지원 관련 별도 제한 없으나, LG에너지솔루션 공고 간 중복 지원은 불가합니다. 
2) 허위기재 사실이 발견될 시에는 즉시 불합격 혹은 입사 취소합니다. 
3) 당사의 사업들은 독자적인 기술로 이루어지고 있으며, 채용자들은 입사 후, 당사의 기술과
   업무 매뉴얼을 바탕으로 업무를 하게 되므로 당사는 타 회사의 영업비밀을 필요로 하지 않으며,
   필요한 경우 합법적인 방법과 절차를 통해 취득하여 사용합니다.
   경력 지원자께서는 전 직장의 영업비밀을 침해하는 일이 없도록 각별히 유의하시기 바라며, 
   침해 시 본인의 책임임을 주지하여 주시기 바랍니다.

*경력이 일정 기간 이상인 경우 면접전형 중 평판조회를 진행합니다. (대상자 별도 안내)",계약직,신입,2025-11-11,,"{""company"": ""LG에너지솔루션""}",2025-09-26,"{""combined"": ""C:\\workspace\\fproject\\backend-model\\img\\lg_job_1000935.png""}",품질시험원 계약직 모집,https://careers.lg.com/apply/detail?id=1000935
LG,2025-11-10,"지원 자격 및 절차
지원자격
▣ 각 모집분야별 업무/ 자격요건/ 우대사항을 확인하시어 지원해주시기 바랍니다. 
▣ 해외여행에 결격사유가 없는 분만 지원 가능합니다. 
▣ 남자는 병역필 또는 병역 면제인 경우에만 지원 가능합니다. (병역특례 신규편입 및 전직은 지원이 불가능합니다) 
전형절차

서류전형

인성 검사

One Day Interview

평판조회

처우협의

채용 검진

제출방법
▣ 제출방법
LG그룹 채용사이트(https://careers.lg.com)를 통한 온라인 지원만 가능합니다. (우편/e-mail 접수 및 방문접수 불가) 
▣ 동일 기간 동안 LG CNS 채용 공고에 중복 지원은 불가합니다.
LG CNS 채용 전형이 진행 중인 지원자의 경우, 기존 채용 전형이 종료된 이후 다른 공고에 지원이 가능합니다.
▣ 문의처
LG Careers 사이트內 [채용문의] → [1:1질문하기]를 이용 바랍니다. (시스템 에러, 비밀번호 분실, 기타 채용 관련 문의)
기타사항
▣ 본 공고는 별도의 전형일정 등이 정해지지 않았으며, 접수완료된 지원서를 순차적으로 검토하여 합격/불합격을 안내할 예정입니다.
▣ 공고마감일 이전에 채용이 완료될 경우 본 공고는 종료처리될 수 있습니다.
▣ 면접 전형 합격자를 대상으로 평판조회를 진행할 예정입니다. 별도 알림톡 또는 이메일을 발송 드릴 예정이오니 안내사항에 따라 기간 내 평판조회 진행 부탁드립니다.
▣ 각 단계별 전형결과는 지원서 상에 기재한 이메일로 안내되며, LG그룹 채용사이트(https://careers.lg.com)를 통해 확인하실 수 있습니다.
▣ 외국어 역량과 관련하여 전형단계 중에 별도로 공인어학성적표를 요청할 수 있습니다.
     (최근 2년이내의 유효한 공인어학성적을 보유하고 있는 경우 지원서 접수시 해당 공인어학성적을 입력하시기 바랍니다.)
▣ 지원서의 내용이 사실과 다르거나 문서증빙이 불가능할 경우 합격이 취소되거나 전형상의 불이익을 받을 수 있습니다.
     지원서 작성시에는 반드시 인적사항을 재확인하셔서 오류가 없도록 해주시기 바랍니다.
▣ 취업보호대상자(보훈대상자/장애인), 기초 생활 수급자 및 차상위 계층은 관련 법규에 의거하여 우대합니다.
▣ 입사지원 관련 구비서류는 최종합격자에 한하여 제출하게 됩니다.",,경력,2025-11-30,,"{""company"": ""LG CNS"", ""application_period"": ""2025.09.24 06:00 ~ 2025.11.30 23:00""}",2025-09-24,"{""combined"": ""C:\\workspace\\fproject\\backend-model\\img\\lg_job_1000932.png""}",UX/UI 디자인 분야 모집(경력),https://careers.lg.com/apply/detail?id=1000932
LG,2025-11-10,"전공

전공 무관

근무지

서울

인원

0명

필수 사항

한국에서 근무 가능한 비자 발급에 결격 사유가 없는 외국인

우대 사항

IT 기본 역량 보유자는 누구나 지원 가능 (전공 무관)

상세 내용

■ 우리는 이런 일을 해요!

- 최신 AI/딥러닝 알고리즘을 분석 및 검증하여 경량화, 최적화하는 일을 수행합니다.

-고객사 비즈니스 환경에 적합한 AI 모델을 설계하고 구축/운영합니다.

- 기존 머신러닝, 딥러닝 뿐만 아니라 생성형AI를 활용한 적용 시나리오 발굴, 사업개발, 프로젝트 수행의 역할을 하고 있습니다.

- 데이터, AI, 클라우드 등의 기술을 접목시킨 언어 AI 서비스를 제공합니다. (AI 챗봇, AI Contact Center 서비스 등)

- 현장의 기업형 생성형 AI를 위한 LLM 튜닝, 자연어 검색기능, 자연어 이해기능, Prompt Engineering 등에 대한 연구개발을 수행합니다.

- 시각 AI 영역에서는 생산 및 물류 공정의 AI Vision 서비스를 통해 불량률 감소 및 물류 분류 효율성 개선에 기여하고 있습니다.

- 이미지/비디오 차별화된 생성형 AI 기술을 확보하고, 기업형 Contents 제작을 위한 Image Generation AI 모델을 만드는 것을 목표로 합니다.

 

■ 역량 있는 여러분의 지원을 기다립니다.

- AI 연구 및 실무 경험을 가지고 계신 분

- 딥러닝, 머신러닝에 대해 이해하고 있고, 유관 전공 및 프로젝트 경험을 보유하신 분

- AI기술을 직접 현장에 적용해보고 싶은 분

- 텍스트/비전 데이터 전처리, 모델링, 최적화 역량을 갖춘 분

- 프롬프트 엔지니어링을 통해 LLM(초거대언어모델)을 활용해 본 경험이 있는 분

지원 자격 및 절차
지원자격
★ LG CNS Global Internship 상시 인재 Pool 등록을 희망하시는 분
- 한국에서 근무 가능한 비자 발급에 결격 사유가 없는 외국인
- 4년제 대학교 졸업(예정)자
- 한국어능력시험(TOPIK) 4급 이상 또는 한국어 업무가 가능한 지원자.
- IT 기본 역량 보유자는 누구나 지원 가능 (전공 무관)
전형절차

서류 전형

인적성 검사

1차 면접

2차 면접

인턴십

- 전형 단계별 순서 및 일정은 내부 사정에 의해 변경될 수 있으며, 전형 결과는 LG Careers를 통해 확인하실 수 있습니다. 
- 본 전형은 인턴 기간 (1개월) 이후 계약직 근무(1년)를 거쳐 정규직 전환 평가가 진행됩니다. 
- 본 공고는 학사 이상 외국 국적의 인재들을 위한 상시 인재 등록 시스템 입니다. 
- 채용 수요 발생 시, 해당 포지션에 적합한 분께 개별 연락을 통해 전형 절차를 안내드릴 예정입니다. 

※ 상시 인재등록 시스템에 등록하셨더라도 개별 채용 공고에 자동으로 지원되지 않습니다. 
    관심 있는 타 채용공고가 게시된 경우, 공고에 별도 지원 부탁드립니다. 
제출방법
- 지원은 LG그룹 채용 홈페이지(careers.lg.com)에서 가능
- LG Careers > 문의하기 > 1:1 문의하기를 통해 문의",인턴,신입,2026-01-02,,"{""company"": ""LG CNS"", ""registration_type"": ""상시 인재 등록""}",2025-11-10,"{""combined"": ""C:\\workspace\\fproject\\backend-model\\img\\lg_job_1000834.png""}",LG CNS Global Internship(외국인) 상시 인재 등록 공고,https://careers.lg.com/apply/detail?id=1000834
LG,2025-11-10,"전공

전공무관

근무지

상암

인원

0명

필수 사항

■ 이런 분과 함께 하고 싶어요

고객/벤더/파트너 등 뛰어난 의사소통 역량을 보유하신 분

사업가 역량을 바탕으로 인프라 사업 발굴 및 사업화 역량을 갖추신 분

서버, 스토리지, 네트워크, 백업, 가상화 등 인프라 전반의 기초 지식을 보유하신 분

해외 사업을 위한 영어 Communication 역량을 보유하신 분

우대 사항

■ 이런 경험이 있으면 더 좋아요 

인프라 사업 수수를 위한 제안/견적/입찰/계약 경험이 있으신 분

영업 또는 기술로 IT인프라 구축 또는 유지보수 프로젝트 경험이 있으신 분

인프라(서버/스토리지/네트워크)에 대한 Global 벤더 자격증이 있으신 분

IT인프라 및 주요 벤더 솔루션(IBM, HP, 오라클, Cisco 등) 제품의 Pre-sales 경험이 있으신 분

IT인프라 수출 등 해외 사업 경험해보신 분

상세 내용

■ 이런 일을 하시게 될 거에요

클라우드 인프라 사업 개발 BD(Business Development)

Private/Public Cloud, AOS(통합유지보수) 사업기회 발굴, 사업화, 제안

지원 자격 및 절차
지원자격
▣ 각 모집분야별 업무/ 자격요건/ 우대사항을 확인하시어 지원해주시기 바랍니다. 
▣ 해외여행에 결격사유가 없는 분만 지원 가능합니다. 
▣ 남자는 병역필 또는 병역 면제인 경우에만 지원 가능합니다. (병역특례 신규편입 및 전직은 지원이 불가능합니다) 
전형절차

서류전형

인성검사

One Day Interview

평판조회

처우협상

채용검진

▣ 본 공고는 별도의 전형일정 등이 정해지지 않았으며, 접수완료된 지원서를 순차적으로 검토하여 합격/불합격을 안내할 예정입니다.
▣ 공고마감일 이전에 채용이 완료될 경우 본 공고는 종료처리될 수 있습니다.
▣ 면접 전형 합격자를 대상으로 평판조회를 진행할 예정입니다. 별도 알림톡 또는 이메일을 발송 드릴 예정이오니 안내사항에 따라 기간 내 평판조회 진행 부탁드립니다.
▣ 각 단계별 전형결과는 지원서 상에 기재한 이메일로 안내되며, LG그룹 채용사이트(https://careers.lg.com)를 통해 확인하실 수 있습니다.
▣ 외국어 역량과 관련하여 전형단계 중에 별도로 공인어학성적표를 요청할 수 있습니다.
     (최근 2년이내의 유효한 공인어학성적을 보유하고 있는 경우 지원서 접수시 해당 공인어학성적을 입력하시기 바랍니다.)
▣ 지원서의 내용이 사실과 다르거나 문서증빙이 불가능할 경우 합격이 취소되거나 전형상의 불이익을 받을 수 있습니다.
     지원서 작성시에는 반드시 인적사항을 재확인하셔서 오류가 없도록 해주시기 바랍니다.
▣ 취업보호대상자(보훈대상자/장애인), 기초 생활 수급자 및 차상위 계층은 관련 법규에 의거하여 우대합니다.
▣ 입사지원 관련 구비서류는 최종합격자에 한하여 제출하게 됩니다.
제출방법
▣ 제출방법
LG그룹 채용사이트(https://careers.lg.com)를 통한 온라인 지원만 가능합니다. (우편/e-mail 접수 및 방문접수 불가) 
▣ 동일 기간 동안 LG CNS 채용 공고에 중복 지원은 불가합니다.
LG CNS 채용 전형이 진행 중인 지원자의 경우, 기존 채용 전형이 종료된 이후 다른 공고에 지원이 가능합니다.
▣ 문의처
LG Careers 사이트內 [채용문의] → [1:1질문하기]를 이용 바랍니다. (시스템 에러, 비밀번호 분실, 기타 채용 관련 문의)",,경력,2025-11-30,,"{""company"": ""LG CNS"", ""job_category"": null, ""tech_stack"": null, ""benefits"": null}",2025-10-30,"{""combined"": ""C:\\workspace\\fproject\\backend-model\\img\\lg_job_1000777.png""}",클라우드 인프라 사업 개발 분야 모집(경력),https://careers.lg.com/apply/detail?id=1000777
LG,2025-11-10,"전공

전공 무관 

근무지

서울

인원

0명

필수 사항

 

학력 :  4년제 정규대학 학사학위 취득
경력 :  SM 운영 및 물류컨설턴트 모듈별 관련 업무 경력 3년 이상
            BW/BI 분야 경력 10년 이상 
우대 사항

     (SAP SM 운영, 물류 컨설턴트)

Project Manager / Project Leader 경험자
SI Project 경험자

 인터페이스 운영 경험

 

      (BW/BI 컨설턴트)

BPC 경험 우대

Datasphere 스킬 보유자 우대

 

상세 내용

  

회사 소개

 

비즈테크아이는 LG CNS의 자회사로서 지난 20여 년간 LG그룹을 비롯한 국내외 기업들에게 전문화된 종합 IT 서비스를 제공해왔습니다. DX(디지털 전환), ERP, 스마트팩토리, 클라우드/인프라 등 다양한 영역에서 축적한 전문성을 바탕으로 재무적으로나 규모적으로 안정적인 성장을 지속하고 있습니다.

 

담당업무

 

(SAP SM 운영, 물류 컨설턴트)

 SAP 각 모듈별로 운영 업무를 담당하게 됩니다. 

 - CO, FI, SD, MM, PP, BC, HR, LO, eWM, TM, I/F 

 

 

 (BW/BI 컨설턴트)

  SAP 기반 데이터 웨어하우스 및 비즈니스 인텔리전스 솔루션의 구축과 운영을 담당하게 됩니다.

  주요 업무 영역은 SAP BW/4HANA 시스템의 구현 및 운영, SAP Datasphere 플랫폼을 활용한 프로젝트 수행, SAP BI 프로젝트의 수행   및 리딩 등입니다.

지원 자격 및 절차
지원자격
■ 각 모집 분야별 업무/ 자격요건/ 우대사항을 확인하시어 지원해 주시기 바랍니다. 
■ 해외여행에 결격사유가 없는 분만 지원 가능합니다. 
■ 남자는 병역필 또는 병역 면제인 경우에만 지원 가능합니다.
     (병역특례 신규편입 및 전직은 지원이 불가능합니다.) 
전형절차

서류 검토

수시

LG Way Fit Test

이전 전형 합격자 대상 별도 안내

면접

이전 전형 합격자 대상 별도 안내

채용검진

이전 전형 합격자 대상 별도 안내

처우제안

이전 전형 합격자 대상 별도 안내

■ 본 공고는 별도의 전형 일정 등이 정해지지 않았으며, 접수 완료된 지원서를 순차적으로 검토하여 합격/불합격을 안내할 예정입니다.
■ 각 단계별 전형 결과는 지원서 상에 기재한 이메일로 안내되며, LG그룹 채용 사이트(https://careers.lg.com)를 통해 확인하실 수 있습니다
제출방법
■ 제출 방법
  - LG그룹 채용 사이트(https://careers.lg.com)를 통한 온라인 지원만 가능합니다. (우편/e-mail 접수 및 방문 접수 불가) 
  - 동일 기간 동안 비즈테크아이 채용 공고에 중복 지원은 불가합니다.
  - 당사의 채용 전형이 진행 중인 지원자의 경우, 기존 채용 전형이 종료된 이후 다른 공고에 지원이 가능합니다.
■ 문의처
  - LG Careers 사이트 內 [채용문의] → [1:1질문하기]를 이용 바랍니다. (시스템 에러, 비밀번호 분실, 기타 채용 관련 문의)
기타사항
■ 지원서의 내용이 사실과 다르거나 문서 증빙이 불가능할 경우 합격이 취소되거나 전형상의 불이익을 받을 수 있습니다.
     지원서 작성 시에는 반드시 인적 사항을 재확인하셔서 오류가 없도록 해주시기 바랍니다.
■ 취업보호대상자(보훈대상자/장애인), 기초 생활 수급자 및 차상위 계층은 관련 법규에 의거하여 우대합니다.
■ 입사 지원 관련 구비서류는 최종 합격자에 한하여 제출하게 됩니다.",,경력,2025-12-31,,"{""company"": ""비즈테크아이"", ""job_category"": ""연구/개발""}",2025-11-10,"{""combined"": ""C:\\workspace\\fproject\\backend-model\\img\\lg_job_1000774.png""}",ERP SAP 상시 채용,https://careers.lg.com/apply/detail?id=1000774
LG,2025-11-10,"지원 자격 및 절차
지원자격
-
전형절차

-
제출방법
-",,신입/경력,2025-12-31,,"{""company"": ""하이케어솔루션"", ""application_period"": ""2025.08.05 06:00 ~ 2025.12.31 18:00""}",2025-11-10,"{""combined"": ""C:\\workspace\\fproject\\backend-model\\img\\lg_job_1000722.png""}",사무소장 후보자 인터뷰,https://careers.lg.com/apply/detail?id=1000722
LG,2025-11-10,"전공

전공무관

근무지

서울(트윈), 마곡R&D캠퍼스 (LG사이언스파크), 대전기술연구원, 여수공장, 대산공장, 당진공장, 청주/오창공장, 익산공장, 오송공장, 나주공장, 김천공장, 오산CS캠퍼스

인원

0명

필수 사항

LG화학에서 함께 성장하고자 하는 분들을 위한 상시 인재 등록 공고입니다.
전 직무와 전 사업장에서 채용 Needs가 발생 시 상시 인재 Pool에서 우선 검토하여 연락드릴 예정입니다.
LG화학 상시 인재 Pool에 등록을 희망하시는 분께서는 등록해 주시기 바랍니다.

 

우대 사항

-

상세 내용

-. LG화학 상시 인재 등록을 위한 공고로 R&D 외 직무를 대상으로 합니다.

-. R&D 직무의 상시 인재 등록을 희망하시는 분께서는 아래의 공고에 등록하여 주시기 바랍니다.
 “[상시접수] LG화학 R&D 인재등록 공고 (국내 학위)” 또는 “[상시접수] LG화학 R&D 인재등록 공고 (해외 학위)"" 

-. 상시 인재 공고에 등록하였더라도 개별 채용공고에 자동으로 지원되지 않기 때문에,
   관심 직무의 채용 공고가 게시된 경우 상시 인재 등록과 별개로 개별 공고에 지원하여 주시기 바랍니다.

지원 자격 및 절차
지원자격
■ 공통 지원자격
1) 학사 학위 이상 보유하신 분
2) 희망 직무와 연관된 학위 또는 경력을 보유하신 분
3) 해외 여행에 결격 사유가 없어야 하며, 남성의 경우 병역필 또는 면제이신 분
  ※ 취업 보호 대상자(국가보훈대상자 및 장애인)은 관련법규에 의거 우대
전형절차

서류전형

LG Way Fit Test

1차 면접

2차 면접

처우 제안

채용검진

최종 전형

제출방법
1) 서류접수 : LG그룹 채용사이트 (https://careers.lg.com) Apply에서 LG화학 모집공고에서 On-line 지원
    ※ 본 사이트를 통한 접수만 가능합니다. (우편접수, E-mail 접수 및 방문접수는 받지 않습니다.)
    ※ 각 전형결과 및 안내는 채용사이트와 E-mail을 통해 진행되오니, E-mail 주소를 정확하게 기재하여 주시기 바랍니다.

2) 제출서류 : 채용사이트 내 입사지원서 
    ※ 졸업증명서, 성적증명서, 공인어학성적표, 자격증 등은 전형 합격자에 한하여 제출 (필요 시 별도 안내)

3) 문의사항 발생 시
  - 채용관련문의 : LG Careers - 나의정보관리 - 문의내역 - ""1:1질문하기""를 통해 문의
  - E-mail 및 비밀번호 분실 시 “로그인”에서 이메일주소 및 비밀번호 찾기를 통해 확인

4) 기타 
  - 당사의 사업들은 독자적인 기술로 이루어지고 있으며, 채용자들은 입사 후, 당사의 기술과  업무 매뉴얼을 바탕으로 업무를 하게 되므로 당사는 타 회사의 영업비밀을 필요로 하지 않으며, 필요한 경우 합법적인 방법과 절차를 통해 취득하여 사용합니다.
  - 경력 지원자께서는 전 직장의 영업비밀을 침해하는 일이 없도록 각별히 유의하시기 바라며, 침해 시 본인의 책임임을 주지하여 주시기 바랍니다.",,신입/경력,2026-12-31,,"{""job_category"": null, ""tech_stack"": null, ""benefits"": null}",2025-11-10,"{""combined"": ""C:\\workspace\\fproject\\backend-model\\img\\lg_job_1000486.png""}",LG화학 상시 인재등록 공고 (R&D 외 직무),https://careers.lg.com/apply/detail?id=1000486
LG,2025-11-10,"전공

무관

근무지

서울

인원

0명

필수 사항

해외 대학 석사/박사/Postdoc 재학 또는 졸업(예정)자

우대 사항

지원 분야 관련 프로젝트/업무 경험 우대

상세 내용

아래 지원 분야 중 2지망까지 선택하여 자기소개서 항목에 기재해 주세요.

(하단 이미지 참조)

 

AI / Cloud / Consulting / Smart Factory / Data / Digital Marketing / Smart Logistics / Smart City / Security

지원 자격 및 절차
지원자격
■ 지원자격
★ LG CNS 상시 인재 Pool 등록을 희망하시는 분
① 해외 대학 석/박사/Postdoc 재학 또는 졸업(예정)자
② IT 기본 역량 보유자는 누구나 지원 가능 (전공무관)
③ 지원분야와 유관 업무 경력 보유한 경우, 2차 면접 합격자에 한하여 사회경력 인정여부 검토 예정
④ 남성의 경우, 병역필 또는 면제자 
⑤ 해외여행에 결격사유가 없는 자
전형절차

서류접수

1차 면접

2차 면접

처우 협의

- 본 공고는 해외 석박사 학위 이상 보유하신 분들을 위한 LG CNS 상시 인재등록 시스템입니다.

- 채용 수요 발생 시, 해당 포지션에 적합한 분께 개별 연락을 통해 전형 절차를 안내드릴 예정입니다.

※ 상시 인재등록 시스템에 등록하셨더라도, 개별 채용공고에 자동으로 지원되지 않습니다.
    관심 있는 채용공고가 게시된 경우, 해당 공고에 별도로 지원해 주셔야 합니다.
제출방법
■ 지원방법
입사지원은 LG그룹 홈페이지(careers.lg.com)를 통한 온라인 지원만 가능합니다.

■ 문의처
LG Careers > LG CNS 채널 > 1:1문의하기 활용",,신입/경력,2025-12-31,,"{""company"": ""LG CNS"", ""job_category"": null, ""tech_stack"": null, ""benefits"": null}",2025-11-10,"{""combined"": ""C:\\workspace\\fproject\\backend-model\\img\\lg_job_1000409.png""}",Global 해외 석박사 AX 인재 상시 등록 공고,https://careers.lg.com/apply/detail?id=1000409
LG,2025-11-10,"전공

전공무관

근무지

LG사이언스파크(마곡), 기술연구원(대전)

인원

0명

필수 사항

-

우대 사항

-

상세 내용

연구개발

지원 자격 및 절차
지원자격
- 해외 이공계 대학원 석/박사, Post doc. 재학중이시거나 졸업하신 분
- LG화학 상시 인재 Pool에 등록을 희망하시는 분

※ 국내 대학원 재학/졸업자의 경우 국내 R&D 인재등록 시스템에 등록하여 주시기 바랍니다.
전형절차

서류전형

1차 면접

2차 면접

최종 전형

- 본 공고는 해외 이공계 대학원을 재학중이거나 졸업하신 분들을 위한 LG화학 R&D 상시 인재등록 시스템 입니다. 
   *국내 대학원 재학/졸업자이신 경우, 국내 R&D 인재등록 시스템을 확인하여 주시기 바랍니다.
- 채용 Needs 발생 시 해당 Position에 적합한 분께 개별 연락을 통해 전형을 안내드릴 예정입니다.

※ 상시 인재등록 시스템에 등록하였더라도 개별 채용공고에 자동으로 지원되지 않기 때문에,
   관심 채용공고가 게시되었다면 상시 인재등록 시스템과 별개로 개별공고에 지원하셔야 합니다.
제출방법
1) 본 사이트를 통한 접수만 가능합니다. (우편접수, E-mail 접수 및 방문접수는 받지 않습니다.)
2) 작성 내용을 바탕으로 한 채용 전형에 대한 안내는 E-mail을 통해 진행되오니, E-mail 주소를 정확하게 기재하여 주시기 바랍니다.
3) 기타 문의사항 발생 시 LG화학 채용담당자 (kjy_jin@lgchem.com)에게 메일주시기 바랍니다.",,신입/경력,2025-12-31,,"{""job_category"": null, ""tech_stack"": null, ""benefits"": null}",2025-11-10,"{""combined"": ""C:\\workspace\\fproject\\backend-model\\img\\lg_job_1000336.png""}",LG화학 R&D 인재등록 공고 (해외 학위),https://careers.lg.com/apply/detail?id=1000336
LG,2025-11-10,"전공

전공무관

근무지

LG사이언스파크(마곡), 기술연구원(대전)

인원

0명

필수 사항

-

우대 사항

-

상세 내용

연구개발

지원 자격 및 절차
지원자격
- 국내 이공계 대학원 석/박사, Post doc. 재학중이시거나 졸업하신 분
- LG화학 상시 인재 Pool에 등록을 희망하시는 분

※ 해외 대학원 재학/졸업자의 경우 해외 R&D 인재등록 시스템에 등록하여 주시기 바랍니다.
전형절차

서류전형

1차 면접

2차 면접

최종 전형

- 본 공고는 국내 이공계 대학원을 재학중이거나 졸업하신 분들을 위한 LG화학 R&D 상시 인재등록 시스템 입니다. 
   *해외 대학원 재학/졸업자이신 경우, 해외 R&D 인재등록 시스템을 확인하여 주시기 바랍니다.
- 채용 Needs 발생 시 해당 Position에 적합한 분께 개별 연락을 통해 전형을 안내드릴 예정입니다.

※ 상시 인재등록 시스템에 등록하였더라도 개별 채용공고에 자동으로 지원되지 않기 때문에,
   관심 채용공고가 게시되었다면 상시 인재등록 시스템과 별개로 개별공고에 지원하셔야 합니다.
제출방법
1) 본 사이트를 통한 접수만 가능합니다. (우편접수, E-mail 접수 및 방문접수는 받지 않습니다.)
2) 작성 내용을 바탕으로 한 채용 전형에 대한 안내는 E-mail을 통해 진행되오니, E-mail 주소를 정확하게 기재하여 주시기 바랍니다.
3) 기타 문의사항 발생 시 LG화학 채용담당자 (kjy_jin@lgchem.com)에게 메일주시기 바랍니다.",,신입/경력,2025-12-31,,"{""company"": ""LG화학"", ""recruitment_type"": ""상시접수""}",2025-11-10,"{""combined"": ""C:\\workspace\\fproject\\backend-model\\img\\lg_job_1000321.png""}",LG화학 R&D 인재등록 공고 (국내 학위),https://careers.lg.com/apply/detail?id=1000321
LG,2025-11-10,"지원 자격 및 절차
지원자격
▣ 각 모집분야별 업무/ 자격요건/ 우대사항을 확인하시어 지원해주시기 바랍니다. 
▣ 해외여행에 결격사유가 없는 분만 지원 가능합니다. 
▣ 남자는 병역필 또는 병역 면제인 경우에만 지원 가능합니다. (병역특례 신규편입 및 전직은 지원이 불가능합니다) 
전형절차

서류전형

인성 검사

One Day Interview

평판조회

처우협상

채용검진

▣ 본 공고는 별도의 전형일정 등이 정해지지 않았으며, 접수완료된 지원서를 순차적으로 검토하여 합격/불합격을 안내할 예정입니다.
▣ 공고마감일 이전에 채용이 완료될 경우 본 공고는 종료처리될 수 있습니다.
▣ 면접 전형 합격자를 대상으로 평판조회를 진행할 예정입니다. 별도 알림톡 또는 이메일을 발송 드릴 예정이오니 안내사항에 따라 기간 내 평판조회 진행 부탁드립니다.
▣ 각 단계별 전형결과는 지원서 상에 기재한 이메일로 안내되며, LG그룹 채용사이트(https://careers.lg.com)를 통해 확인하실 수 있습니다.
▣ 외국어 역량과 관련하여 전형단계 중에 별도로 공인어학성적표를 요청할 수 있습니다.
     (최근 2년이내의 유효한 공인어학성적을 보유하고 있는 경우 지원서 접수시 해당 공인어학성적을 입력하시기 바랍니다.)
▣ 지원서의 내용이 사실과 다르거나 문서증빙이 불가능할 경우 합격이 취소되거나 전형상의 불이익을 받을 수 있습니다.
     지원서 작성시에는 반드시 인적사항을 재확인하셔서 오류가 없도록 해주시기 바랍니다.
▣ 취업보호대상자(보훈대상자/장애인), 기초 생활 수급자 및 차상위 계층은 관련 법규에 의거하여 우대합니다.
▣ 입사지원 관련 구비서류는 최종합격자에 한하여 제출하게 됩니다.
제출방법
▣ 제출방법
LG그룹 채용사이트(https://careers.lg.com)를 통한 온라인 지원만 가능합니다. (우편/e-mail 접수 및 방문접수 불가) 
▣ 동일 기간 동안 LG CNS 채용 공고에 중복 지원은 불가합니다.
LG CNS 채용 전형이 진행 중인 지원자의 경우, 기존 채용 전형이 종료된 이후 다른 공고에 지원이 가능합니다.
▣ 문의처
LG Careers 사이트內 [채용문의] → [1:1질문하기]를 이용 바랍니다. (시스템 에러, 비밀번호 분실, 기타 채용 관련 문의)",,경력,2025-11-30,,{},2025-10-22,"{""combined"": ""C:\\workspace\\fproject\\backend-model\\img\\lg_job_1000319.png""}",보안 전 영역 전문가 모집(경력),https://careers.lg.com/apply/detail?id=1000319
LG,2025-11-10,"전공

전공무관

근무지

마곡 혹은 증미

인원

0명

필수 사항

■ 이런 분과 함께 하고 싶어요

- SAP ERP 프로젝트(SI) 또는 운영 업무(SM)에서 5년 이상 BC 역할을 경험하신 분

- SAP BTP(Business Technology Platform) 기반 업무를 경험하신 분 

   (SAC, Integration Suite, ABAP 개발환경 등의 PaaS 서비스 지원 경험, BTP 활용을 위한 계정 관리, 인증, ERP 연동 경험)

- SAP 신기술에 관심이 많고 실제 현장 적용에 대한 의지가 있는 인원

우대 사항

■ 이런 경험/역량이 있으면 더 좋아요

- 퍼블릭 클라우드(AWS, Azure, GCP) 활용 경험이 있으신 분

- 글로벌 고객 또는 파트너사와 협업할 수 있는 외국어 역량을 보유하신 분

상세 내용

■ 우리 조직을 소개합니다

SAP RES팀은 SAP ERP 프로젝트 이행을 위한 최고의 정예 기술 전문가 조직으로서, 아키텍처 거버넌스 및 설계, 구축, 이행을 담당합니다.

SAP 기반 차세대 ERP 시스템에 대해 고객 요건을 바탕으로 SAP 아키텍처 제안, 설계, 구축 서비스를 제공합니다.전통적인 On-Premise 기술이나 아키텍처가 아닌, SAP의 신기술을 적극 활용하고 현장에 적용합니다(퍼블릭 클라우드 기반 SAP PCE, BTP, RAP/Fiori, Clean Core, 각종 SAP LoB 솔루션 등).
SAP의 글로벌 전략적 파트너로서 SAP Global, 해외 고객, 해외 파트너사와 헙업하여 업무를 수행합니다.

 

■ 이런 일을 하시게 될거에요

- 차세대 ERP 구축 제안, Pre-Task, PI 단계 업무 수행

- 차세대 ERP 구축 프로젝트에서 SAP 아키텍처 설계 및 구축 

- SAP ERP 관련 Trouble Shooting 

- 차세대 ERP 아키텍처 표준, 정책, 가이드 수립 

- 차세대 Cloud ERP 환경에서의 안정적인 운영을 위한 새로운 ERP 운영 모델 수립

지원 자격 및 절차
지원자격
▣ 각 모집분야별 업무/ 자격요건/ 우대사항을 확인하시어 지원해주시기 바랍니다. 
▣ 해외여행에 결격사유가 없는 분만 지원 가능합니다. 
▣ 남자는 병역필 또는 병역 면제인 경우에만 지원 가능합니다. (병역특례 신규편입 및 전직은 지원이 불가능합니다) 
전형절차

서류전형

인성 검사

One Day Interview

평판조회

처우협의

채용검진

제출방법
▣ 제출방법
LG그룹 채용사이트(https://careers.lg.com)를 통한 온라인 지원만 가능합니다. (우편/e-mail 접수 및 방문접수 불가) 
▣ 동일 기간 동안 LG CNS 채용 공고에 중복 지원은 불가합니다.
LG CNS 채용 전형이 진행 중인 지원자의 경우, 기존 채용 전형이 종료된 이후 다른 공고에 지원이 가능합니다.
▣ 문의처
LG Careers 사이트內 [채용문의] → [1:1질문하기]를 이용 바랍니다. (시스템 에러, 비밀번호 분실, 기타 채용 관련 문의)
기타사항
▣ 본 공고는 별도의 전형일정 등이 정해지지 않았으며, 접수완료된 지원서를 순차적으로 검토하여 합격/불합격을 안내할 예정입니다.
▣ 공고마감일 이전에 채용이 완료될 경우 본 공고는 종료처리될 수 있습니다.
▣ 면접 전형 합격자를 대상으로 평판조회를 진행할 예정입니다. 별도 알림톡 또는 이메일을 발송 드릴 예정이오니 안내사항에 따라 기간 내 평판조회 진행 부탁드립니다.
▣ 각 단계별 전형결과는 지원서 상에 기재한 이메일로 안내되며, LG그룹 채용사이트(https://careers.lg.com)를 통해 확인하실 수 있습니다.
▣ 외국어 역량과 관련하여 전형단계 중에 별도로 공인어학성적표를 요청할 수 있습니다.
     (최근 2년이내의 유효한 공인어학성적을 보유하고 있는 경우 지원서 접수시 해당 공인어학성적을 입력하시기 바랍니다.)
▣ 지원서의 내용이 사실과 다르거나 문서증빙이 불가능할 경우 합격이 취소되거나 전형상의 불이익을 받을 수 있습니다.
     지원서 작성시에는 반드시 인적사항을 재확인하셔서 오류가 없도록 해주시기 바랍니다.
▣ 취업보호대상자(보훈대상자/장애인), 기초 생활 수급자 및 차상위 계층은 관련 법규에 의거하여 우대합니다.
▣ 입사지원 관련 구비서류는 최종합격자에 한하여 제출하게 됩니다.",,경력,2025-11-30,,"{""company"": ""LG CNS"", ""job_category"": ""IT서비스"", ""application_period"": ""2025-04-07 ~ 2025-11-30""}",2025-04-07,"{""combined"": ""C:\\workspace\\fproject\\backend-model\\img\\lg_job_1000179.png""}",ERP/솔루션 분야 모집(경력),https://careers.lg.com/apply/detail?id=1000179
LG,2025-11-10,"전공

- 디자인 관련 전공자(실내디자인, 산업(공업)디자인, 실내 건축, 시각디자인 등) 

근무지

-

인원

0명

필수 사항

- 학사 학위 보유자 

- 디자인 관련 전공자(실내디자인, 산업(공업)디자인, 실내 건축, 시각디자인 등) 

- 유관 경력 최소 3년 이상 ~ 8년(동종 VMD 업무) 

- 디자인 프로그램(Photoshop, Illustrator,SketchUp) 사용 가능자 

- 제안서 작성 및 파워 포인트, 엑셀 등 사용 가능자 - Adobe

우대 사항

- 유통채널(백화점, 마트등) 및 대행사 업무 경험이 있으신 분 

- 문제해결 능력과 학습 능력이 우수하신 분

상세 내용

■ VMD 기획

- 담당 거래선 매장 및 LG전자 영업팀 대응 등 

- 전국 베스트샵 연출 협력사 중 일부팀 관리(라운딩/오픈점 연출/POP제작,연출 등)

지원 자격 및 절차
지원자격
- 학사 학위 보유자 
- 디자인 관련 전공자(실내디자인, 산업(공업)디자인, 실내 건축, 시각디자인 등) 
- 유관 경력 최소 3년 이상 ~ 8년(동종 VMD 업무) 
- 디자인 프로그램(Photoshop, Illustrator,SketchUp) 사용 가능자 
- 제안서 작성 및 파워 포인트, 엑셀 등 사용 가능자 - Adobe
전형절차

서류전형

1차면접

2차면접

최종전형

상기 전형 절차는 당사 사정에 의하여 변경될 수 있으며, 
채용 완료 시 조기 마감될 수 있습니다.
제출방법
1) 서류접수 : LG그룹 채용 홈페이지(https://apply.lg.com/main/Index.rpi)에서 On-line 지원
2) 제출서류 : 채용 Site 內 지원서 및 자기소개서
3) 문의처 : LG Careers 사이트 (https://apply.lg.com/main/Index.rpi) 상단 “채용문의” → “1:1질문하기”로 문의
※ 등록된 이메일/비밀번호가 생각나지 않으면 “이메일주소/비밀번호 찾기”를 클릭해서 확인 부탁 드립니다.
기타사항
▪ 입사지원서는 모든 사항을 정확하게 입력해야 하며, 추후 입력사항이 허위로 판명될 경우에는 입사(합격)를 취소할 수 있습니다.  
▪ 전형 단계별 합격자는 채용사이트를 통해 확인할 수 있습니다. 
▪ 장애인 및 취업보호대상자(저소득층, 보훈대상자 등)는 관련 법규에 의거 지원 우대합니다. 
▪ 시스템에러, 비밀번호 분실, 지원서 수정 및 작성오류발생 문의 
- LG Careers 사이트내 “채용문의” → “1:1질문하기”를 이용",계약직,경력,2025-11-15,,"{""job_category"": ""VMD"", ""company"": ""LG전자"", ""application_period"": ""2025.03.19 06:00 ~ 2025.11.15 23:00""}",2025-03-19,"{""combined"": ""C:\\workspace\\fproject\\backend-model\\img\\lg_job_1000148.png""}",LG전자 베스트샵 VMD 현장대리인 (계약직) 채용,https://careers.lg.com/apply/detail?id=1000148
LG,2025-11-10,"전공

전공무관

근무지

대산공장

인원

0명

필수 사항

없음

우대 사항

없음

상세 내용

■ 대산공장(현장 계약직) - 석유화학 공정 원/부원료 계량/투입, 보관/재고관리, 현장 정리정돈 등 공정지원 직무

지원 자격 및 절차
지원자격
- 고졸 이상
- 만 55세 이상 우대(고용상 연령차별금지 및 고령자고용촉진에 관한 법률에서의 고령자)
- 해외여행에 결격사유가 없는 자, 군필 혹은 면제자
- 지게차 운전 경력자/지게차운전기능사 이상 자격증 보유자 우대
- 석유화학 관련 업종 근무 경험자/환경·안전분야 및 위험물 취급 관련 자격증 보유자 우대
전형절차

서류 전형

면접 전형

제출방법
1) 서류접수 : LG그룹 채용사이트 (https://careers.lg.com) 內 LG화학 모집공고에서 On-line 지원
2) 제출서류 : 채용사이트 內 입사지원서 
   ※ 추가 필요 서류는 합격자에 한하여 제출(추후 안내) 
3) 접수기간 : ~ 2025. 12. 31(수) 
   ☞ 상시 입사지원서를 접수하며, 해당 포지션에 대한 채용 필요 시 개별 연락 드립니다. 
   ※ 등록 마감 이후, 추가등록 및 수정이 불가합니다.
4) 문의사항 발생 시
    - 채용관련문의 : LG화학 대산공장 채용담당자(LG Careers 內 1:1 질문하기 또는 041-661-2134)
    - 비밀번호 분실, 지원서 수정 및 오류발생 문의             
      ① LG Careers Site 內 상단 “채용문의”에서 1:1 질문하기를 통해 문의
      ② E-mail 및 비밀번호 분실 시 “로그인”에서 이메일주소 및 비밀번호 찾기를 통해 확인하여 주시기 바랍니다.
기타사항
- 허위기재 사실이 발견될 시에는 즉시 불합격 혹은 입사 취소 됩니다.
- 국가보훈대상자 및 장애인은 관련법규에 의거 우대합니다. 
- 당사는 객관적이고 공정한 기준에 의거하여 본 선발전형을 진행하는 바, 주변 인사를 통한
   채용 청탁 및 허위기재 사실이 확인될 시에는 추천 여부와 관계 없이 즉시 탈락 처리 됩니다.
- 기타 문의사항은 LG화학(대산) 채용담당자(inwoo.jeong@lgchem.com, 041-661-2134)에게 연락주시기 바랍니다.",계약직,경력,2025-12-31,,"{""company"": ""LG화학"", ""application_period"": ""2025.03.05 06:00 ~ 2025.12.31 18:00""}",2025-11-10,"{""combined"": ""C:\\workspace\\fproject\\backend-model\\img\\lg_job_1000022.png""}",LG화학 대산공장 공정지원 계약직(현장) 모집,https://careers.lg.com/apply/detail?id=1000022
LG,2025-11-10,"전공

전공무관

근무지

여수공장

인원

0명

필수 사항

없음

우대 사항

없음

상세 내용

■ 여수공장(현장 계약직) - 석유화학 공정 원/부원료 계량/투입, 보관/재고관리, 현장 정리정돈 등 공정지원 직무

지원 자격 및 절차
지원자격
- 고졸 이상
- 만 55세 이상 우대(고용상 연령차별금지 및 고령자고용촉진에 관한 법률에서의 고령자)
- 해외여행에 결격사유가 없는 자, 군필 혹은 면제자
- 지게차 운전 경력자/지게차운전기능사 이상 자격증 보유자 우대
- 여수산단 석유화학 관련 업종 근무 경험자/환경·안전분야 및 위험물 취급 관련 자격증 보유자 우대
전형절차

서류 전형

면접 전형

제출방법
1) 서류접수 : LG그룹 채용사이트 (https://careers.lg.com) 內 LG화학 모집공고에서 On-line 지원
2) 제출서류 : 채용사이트 內 입사지원서 
   ※ 추가 필요 서류는 합격자에 한하여 제출(추후 안내) 
3) 접수기간 : ~ 2025. 12. 31(수) 
   ☞ 상시 입사지원서를 접수하며, 해당 포지션에 대한 채용 필요 시 개별 연락 드립니다. 
   ※ 등록마감 이후, 추가등록 및 수정이 불가합니다.
4) 문의사항 발생 시
    - 채용관련문의 : LG화학 여수.채용담당자(LG Careers 內 1:1 질문하기 또는 061-680-1887)
    - 비밀번호 분실, 지원서 수정 및 오류발생 문의             
      ① LG Careers Site 內 상단 “채용문의”에서 1:1 질문하기를 통해 문의
      ② E-mail 및 비밀번호 분실 시 “로그인”에서 이메일주소 및 비밀번호 찾기를 통해 확인하여 주시기 바랍니다.
기타사항
- 허위기재 사실이 발견될 시에는 즉시 불합격 혹은 입사 취소 됩니다.
- 국가보훈대상자 및 장애인은 관련법규에 의거 우대합니다. 
- 당사는 객관적이고 공정한 기준에 의거하여 본 선발전형을 진행하는 바, 주변 인사를 통한
   채용 청탁 및 허위기재 사실이 확인될 시에는 추천 여부와 관계 없이 즉시 탈락 처리 됩니다.
- 별도의 숙소는 제공되지 않습니다. 
- 기타 문의사항은 LG화학(여수) 채용담당자(kth8448@lgchem.com, 061-680-1887)에게 연락주시기 바랍니다.",계약직,경력,2025-12-31,여수,"{""job_category"": ""제조/생산"", ""company"": ""LG화학"", ""application_period"": ""2025.03.05 06:00 ~ 2025.12.31 18:00""}",2025-11-10,"{""combined"": ""C:\\workspace\\fproject\\backend-model\\img\\lg_job_1000020.png""}",LG화학 여수공장 공정지원 계약직(현장) 모집,https://careers.lg.com/apply/detail?id=1000020
LG,2025-11-10,"전공

전공무관

근무지

상암

인원

0명

필수 사항

■ 이런 분과 함께 하고 싶어요

SAP ECC, S/4HANA 구축 및 운영경험 3년 이상
SAP 솔루션 업그레이드/전환/운영 경험을 보유 하신 분
SAP Troubleshooting 역량 보유하신 분
동료의 장점에 주목하고 협업하여 함께 성과를 낼 수 있는 분
긍정적인 마인드 소유자
우대 사항

■ 이런 경험이 있으면 더 좋아요 

S/4 HANA 구축 및 전환 프로젝트 경력
PCE 구축 및 운영 경험
HANA DB, Server 운영 경험
SAP on Cloud(AWS, Azure) 전환 및 운영 경험
영어가능자
상세 내용

■ 우리 조직을 소개합니다. 

다양한 고객사의 SAP ERP 시스템 운영을 책임지고 있는 ERP 솔루션 운영 전문 조직입니다.

SAP ECC, S/4 HANA 구축 및 운영
SAP 솔루션 업그레이드/전환/운영
최적화 및 Troubleshooting  


■ 이런 분야에서 채용하고 있어요 

SAP BC(Basis Consultant), SAP HANA DBA

 

■ 이런 일을 하시게 될거에요 

SAP ECC, S/4 HANA 구축 및 운영
LG 패밀리 및 오픈고객의 SAP ERP 시스템 운영(BC)

지원 자격 및 절차
지원자격
▣ 각 모집분야별 업무/ 자격요건/ 우대사항을 확인하시어 지원해주시기 바랍니다. 
▣ 해외여행에 결격사유가 없는 분만 지원 가능합니다. 
▣ 남자는 병역필 또는 병역 면제인 경우에만 지원 가능합니다. (병역특례 신규편입 및 전직은 지원이 불가능합니다) 
전형절차

서류전형

인성 검사

One Day Interview

처우협상

평판조회

처우협상

채용검진

▣ 본 공고는 별도의 전형일정 등이 정해지지 않았으며, 접수완료된 지원서를 순차적으로 검토하여 합격/불합격을 안내할 예정입니다.
▣ 공고마감일 이전에 채용이 완료될 경우 본 공고는 종료처리될 수 있습니다.
▣ 면접 전형 합격자를 대상으로 평판조회를 진행할 예정입니다. 별도 알림톡 또는 이메일을 발송 드릴 예정이오니 안내사항에 따라 기간 내 평판조회 진행 부탁드립니다.
▣ 각 단계별 전형결과는 지원서 상에 기재한 이메일로 안내되며, LG그룹 채용사이트(https://careers.lg.com)를 통해 확인하실 수 있습니다.
▣ 외국어 역량과 관련하여 전형단계 중에 별도로 공인어학성적표를 요청할 수 있습니다.
     (최근 2년이내의 유효한 공인어학성적을 보유하고 있는 경우 지원서 접수시 해당 공인어학성적을 입력하시기 바랍니다.)
▣ 지원서의 내용이 사실과 다르거나 문서증빙이 불가능할 경우 합격이 취소되거나 전형상의 불이익을 받을 수 있습니다.
     지원서 작성시에는 반드시 인적사항을 재확인하셔서 오류가 없도록 해주시기 바랍니다.
▣ 취업보호대상자(보훈대상자/장애인), 기초 생활 수급자 및 차상위 계층은 관련 법규에 의거하여 우대합니다.
▣ 입사지원 관련 구비서류는 최종합격자에 한하여 제출하게 됩니다.
제출방법
▣ 제출방법
LG그룹 채용사이트(https://careers.lg.com)를 통한 온라인 지원만 가능합니다. (우편/e-mail 접수 및 방문접수 불가) 
▣ 동일 기간 동안 LG CNS 채용 공고에 중복 지원은 불가합니다.
LG CNS 채용 전형이 진행 중인 지원자의 경우, 기존 채용 전형이 종료된 이후 다른 공고에 지원이 가능합니다.
▣ 문의처
LG Careers 사이트內 [채용문의] → [1:1질문하기]를 이용 바랍니다. (시스템 에러, 비밀번호 분실, 기타 채용 관련 문의)",,경력,2025-11-30,,"{""company"": ""LG CNS"", ""job_category"": null, ""tech_stack"": null, ""benefits"": null}",2025-11-03,"{""combined"": ""C:\\workspace\\fproject\\backend-model\\img\\lg_job_1000002.png""}",SAP BC 모집(경력),https://careers.lg.com/apply/detail?id=1000002
LG,2025-11-10,"전공

직무별 관련 전공

근무지

인천캠퍼스

인원

0명

필수 사항

□ Requirements

학력 : 학사학위 이상 소지자
경력 : 신입 또는 유관 경력 2년 이상 보유자
어학역량 : TOEIC Speaking IM2 이상 또는 이와 동등 수준(TOEIC 700, OPIc IM2 등) 이상
공인 어학성적 보유 여부에 관계없이 지원 가능함.
우대 사항

□ Preferred 

전자/자동차/자동차부품 사업분야 유경험자
상세 내용

■ 본 채용공고는 전 분야 DB 등록을 위한 공고로 직접 채용 프로세스가 진행되지 않습니다.

등록된 이력서를 바탕으로 해당 포지션 채용 진행시 검토 대상에 포함될 수 있습니다.

- 경력 사항 위주로 간단히 보유 중인 이력서와 참조 가능한 포트폴리오를 등록하여 주시기 바랍니다.

- 서치펌 추천을 통한 공고는 별도의 전용 공고에 등록 바랍니다 (자사와 계약하지 않은 서치펌을 통한 지원서는 검토하지 않습니다)

지원 자격 및 절차
지원자격
① 학위/경력/전공/어학: 각 모집분야별 상세내역 참고 (학력은 국내외 4년제 정규 학위 인정과정에 한함)
② 해외여행에 결격사유가 없는 인원 (남자의 경우 군필 또는 면제자)
전형절차

서류전형

인적성/영어 역량 검사

1차면접

2차면접

건강검진

최종전형

제출방법
▪ 제출방법 : 반드시 LG그룹 채용사이트(careers.lg.com)을 통한 온라인 지원만 가능 (우편접수, e-mail 접수 및 방문접수 불가)
▪ 문의처 : LG Careers 채용문의 內 1:1 질문하기 

※ 시스템에러, 비밀번호 분실, 지원서 수정 및 작성 오류 발생 시 → LG Careers 사이트 내 “채용문의” → “1:1질문하기”를 이용 바랍니다.
※ 공고 마감일에는 지원자들의 문의가 많아 답변 및 관련 대응이 늦어질 수 있습니다. 
※ 지원서 등록 마감 시점 이후에는 입사 지원이 불가합니다.
기타사항
※ 프로세스 진행에 따라 조기 종료 또는 연장 될 수 있습니다.
※ 평판조회는 면접 합격자 중 필요시에 한하여 본인 동의 후 진행합니다.
※ 입사지원서는 모든 사항을 정확하게 입력해야 하며, 추후 입력사항이 허위로 판명될 경우에는 입사(합격)가 취소됩니다. 
※ 전형 단계별 합격자는 채용사이트를 통해 확인할 수 있습니다.
※ 서류 전형의 판단 기준은 본 입사지원서 정보를 바탕으로 진행되오니 제출에 신중을 기해 주시길 부탁 드리며, 
    입사지원서 정보 오기로 인해 불이익을 받을 수도 있음을 미리 말씀 드립니다.

당사는 영업정보, 기술정보, 경영정보, 업무상 비밀 등 기타의 경제적 가치가  있는 모든 정보를 정당한 정보원으로부터 적법하게 수집하며,
타인의 정보를 입수, 이용, 공유할 때는 적법하고 올바른 절차를 준수합니다. 또한 타인의 아이디어, 저작물, 기타 지적 산물은 권리자가 라이센스 권을 부여해준 경우 등
당사가 사용할 수 있는 법적 권한을 가지고 있는 경우에만 한정하여 사용합니다. 특히 당사는 타사의 영업비밀을 부정한 방법으로 취득, 사용하지 않습니다.
이상과 같은 공정경쟁 원칙에 따라 당사는 채용 예정자로부터 前 회사 소유의 어떠한 자료도 요구하거나  전달받지 않습니다.
따라서 귀하는 업무 능력 증명 등의 목적으로 당사에 前 회사의 영업비밀 관련 자료를 전달해서는 안되며, 前 회사 영업비밀을 임의로 전달할 경우에는 채용상 불이익이 있을 수 있습니다.",,신입/경력,,,"{""job_category"": ""연구/개발"", ""application_period"": ""2025-01-01 08:00 ~ 2025-12-31 23:00""}",2025-11-10,"{""combined"": ""C:\\workspace\\fproject\\backend-model\\img\\lg_job_403172.png""}",해외 및 국내 인재 상시 DB 등록용,https://careers.lg.com/apply/detail?id=403172
LG,2025-11-10,"로딩 중 입니다.
개인정보처리방침
이용약관
법적고지
이메일무단수집거부
LG그룹
LG Careers

ⓒ LG CNS. All Rights Reserved.",정규직,경력 2~5년,,서울특별시,"{""job_category"": ""IT/개발"", ""salary"": ""연봉 4,500만원 ~ 6,000만원"", ""benefits"": ""4대보험, 연차, 교육비 지원"", ""preferred_qualifications"": ""AWS, Docker 경험자 우대"", ""tech_stack"": [""Java"", ""Spring"", ""MySQL""]}",2025-11-10,"{""combined"": ""C:\\workspace\\fproject\\backend-model\\img\\lg_job_400657.png""}",소프트웨어 엔지니어,https://careers.lg.com/apply/detail?id=400657
LG,2025-11-10,"전공

전공 무관

근무지

전국

상세 내용

※ 해당 공고는 상시채용을 위한 인재Pool로 활용되며, 별도의 마감 일정이나 전형 일정, 세부 지원자격 등이 없습니다.

(마감일정이 있는 공채나 모집공고 채용과는 구분하시기 바랍니다.)

 

따라서 채용 Needs 발생시에 한해서 해당 공고(인재Pool)에 등록된 이력서를 인사팀에서 비정기적으로 검토하고, 서류 합격자에 대해서만 개별적으로 연락 드립니다.

지원 자격 및 절차
지원자격
※ 해당 공고는 상시채용을 위한 인재Pool로 활용되며, 별도의 마감 일정이나 전형 일정, 세부 지원자격 등이 없습니다. (마감일정이 있는 공채나 모집공고 채용과는 구분하시기 바랍니다.) 
따라서 채용 Needs 발생시에 한해서 해당 공고(인재Pool)에 등록된 이력서를 인사팀에서 비정기적으로 검토하고, 서류 합격자에 대해서만 개별적으로 연락 드립니다.
전형절차

서류전형

1차면접

인적성검사

2차면접

최종전형

제출방법
· 제출방법 : LG채용홈페이지(https://careers.lg.com) 모집 공고에 온라인 접수 
· 문의 : ""채용문의"" 메뉴의 ""1:1 질문하기"" 활용

기타사항
※ 2022년 4월 1일부로 S&I Corp. 사명이 D&O로 변경되었습니다.

- 면접은 직무에 따라 2차에 나누어 진행될 수 있습니다.
- 입사지원서는 모든 사항을 정확하게 입력해야 하며, 추후 허위 정보로 판명될 경우에는 입사(합격)가 취소됩니다. 
- 취업지원대상자 (장애, 보훈, 저소득층)은 법적 근거 및 LG그룹 정책에 의거 우대합니다. 
- 비밀번호 분실, 지원서 수정 및 오류발생 문의 
 : LG Careers 사이트 (Careers.lg.com) 상단 “채용문의” → “1:1질문하기”로 문의 
※ 등록된 이메일/비밀번호가 생각나지 않으면 “이메일주소/비밀번호 찾기” 클릭해서 해결하세요 
※ 이메일, 보조이메일, 비밀번호 둘다 생각이 안나는 경우는 “이메일주소/비밀번호 찾기”하단에 
“로그인 문의”를 클릭해 문의하시기 바랍니다.",,경력,2025-12-31,,"{""job_category"": null, ""tech_stack"": null, ""benefits"": null}",2025-11-10,"{""combined"": ""C:\\workspace\\fproject\\backend-model\\img\\lg_job_397380.png""}",상시 인재 Pool 등록,https://careers.lg.com/apply/detail?id=397380
LG,2025-11-10,"전공

전공 무관

근무지

경기도 광주시

인원

0명

상세 내용

- 업장별 조리 기물자산 및 식기세척기 관리

- 세정 인력 관리

- 기물 및 건자재 창고 관리

- 연회 행사 기물 배치 관리

- 식음업장 냉장,냉동고 관리

지원 자격 및 절차
지원자격
○ 안전관리/안전관리(화담숲)
- 학력 : 대학교(학사) 졸업 이상 
- 전공 : 무관(관련 전공 우대) 
- 경력 : 관련 경력 5년 이상 필수, 리조트 또는 스키장 근무 유경험자 우대, ISO 45001 운영 유경험자 우대 
- 자격 : 산업안전기사 또는 건설안전기사 자격증 보유 필수 / 건축, 기계, 전기, 소방 등 시설 관련 자격증 소지자 우대, 산업위생관리기사 소지자

○ HR
1. 학력 : 4년제 대학교 졸업 이상
2. 전공 : 전공 무관 (인문/상경 계열 우대)
3. 경력 : 유관 업무 3년 이상
4. 근무지 : 곤지암리조트 (경기도 광주시)
5. 기타 우대 사항
 : 인문/상경 전공자
 : 공인노무사 자격증 소지자

○ 공통 자격
- 학력 : 2년제 대학교 졸업(전문학사) 이상
- 전공 : 전공 무관
- 경력 : 신입/경력 무관 (관련 경력자 우대)
- 근무지 : 경기도 광주시 곤지암리조트/골프클럽

○ 식음
- 전공 : 연극영화과, 서비스관련 학과 우대

○ 조리
- 전공 : 조리관련 학과
- 자격증 : 조리관련 자격증 소지자 우대

○ 영양사
1. 학력 : 2년제 대학교 졸업(전문학사) 이상
2. 전공 : 식품영양, 조리 관련 학과
3. 경력 : 관련 경력 3년 이상
4. 자격증 : 영양사 자격증 필수
5. 우대사항 
- 직원식당 또는 함바식당 근무 경력
- 인근거주자 / 운전가능자 
- 조리자격증 소지자
- 직원식당 오픈 경험자

○ 프론트
- 전공 : 연극영화, 관광, 골프 관련 전공 우대
- 외국어 : 영어/일어/중국어 비즈니스 회화 가능자 우대
 
○ 시설관리
- 전공 : 자동차 정비 및 자동제어, 전기, 기계 관련 전공자 우대
- 자격증 : 자동차 정비 및 자동제어, 전기, 기계 관련 자격증 소지자 우대 
- 기타 : 스키장 제설/정설 및 리프트/모노레일 직무 경험자 우대

※ 해당 공고는 상시채용을 위한 인재 Pool로 활용되며, 공고 게시 기간은 '22년 12월 31일까지 입니다.
각 직무별 별도의 마감 일정이나 전형 일정이 있는 공개/수시채용 모집공고와 구분하시기 바랍니다.
채용 Needs 발생시에 한해서 해당 공고(인재Pool)에 등록된 이력서를 채용담당자가 비정기적으로 검토하고, 
서류 합격자에 대해서만 개별적으로 연락 드립니다.
전형절차

서류전형

인적성검사

1차면접

건강검진

2차면접

제출방법
당사 홈페이지(Careers.lg.com) 內 채용 Site에서 On-line 지원 
   ※ 우편접수, e-mail 접수 및 방문접수는 받지 않습니다. 
기타사항
- 입사지원서는 모든 사항을 정확하게 입력해야 하며, 추후 입력사항이 허위로 판명될 경우에는 입사(합격)를 취소할 수 있습니다. 
- 기숙사 제공 
- 골프클럽/리조트 근무 특성 상 주말근무가 발생할 수 있습니다. 
- 1차면접과 함께 인성검사를 진행합니다.
- 비밀번호 분실, 지원서 수정 및 오류발생 문의 
 : LG Careers 사이트 (Careers.lg.com) 상단 “채용문의” → “1:1질문하기”로 문의 
※ 등록된 이메일/비밀번호가 생각나지 않으면 “이메일주소/비밀번호 찾기” 클릭해서 해결하세요 
※ 이메일, 보조이메일, 비밀번호 둘다 생각이 안나는 경우는 “이메일주소/비밀번호 찾기”하단에 
“로그인 문의”를 클릭해 문의하시기 바랍니다. 
※ 지원서 등록마감시점 이후에는 기간연장 및 공고지원이 불가하므로 
등록관련 문제가 있으시면 반드시 마감 3일전까지 확인하시고 문의 및 관련요청 완료 하셔야 합니다.
※ 채용서류 반환 관련 안내
　당사는 ‘채용절차 공정화에 관한 법률’을 준수하며, 하기와 같이 채용서류 반환 청구 신청이 가능합니다.
　(LG Careers 사이트나 전자우편을 통해 제출하신 서류는 대상에서 제외됩니다.)
　- 대상 서류: 전형 진행과정에서 직접 제출하신 각종 서류 및 자료 일체
　- 신청 기간: 최종 합격자 발표 후 180일 이내
　　　  　　　(단 해당기간 내 반환 청구가 없을 경우 개인정보 보호법에 따라 보관 및 파기 예정입니다.)
　- 신청 방법: LG Careers 로그인 후 ""1:1 질문하기""에 [채용서류 반환 청구서] 작성 후 첨부하여 반환 문의 등록
　- 반환 절차: 채용담당자가 반환 신청 문의 확인 후 14일 이내 요청서류를 반환
　　　  　　　(등기 배송이며, 반환시 발생하는 비용은 전액 회사에서 부담합니다.)

- 보훈대상자 / 장애인은 관련법규에 의하여 우대",,신입/경력,2025-12-31,,"{""job_category"": ""레저"", ""additional_info"": ""부동산/레저 외""}",2021-08-25,"{""combined"": ""C:\\workspace\\fproject\\backend-model\\img\\lg_job_15540.png""}",상시 인재 Pool 등록,https://careers.lg.com/apply/detail?id=15540
LG,2025-11-10,"전공

건축공학 등 건설관리사업 관련 학과

근무지

전국, 해외

인원

00명

상세 내용

-. 현장 도급 계약 관리 (원가관리)

-. 현장 원가/공정 관리 및 시공/안전/품질 관리

-. 직발주 및 장비, 인력 관리

-. 기성청구 및 설계변경

지원 자격 및 절차
지원자격
※ 해당 공고는 상시채용을 위한 인재 Pool로 활용되며, 별도의 마감 일정이나 전형 일정, 세부 지원자격 등이 없습니다. (마감일정이 있는 공채나 모집공고 채용과는 구분하시기 바랍니다.) 
따라서 채용 Needs 발생시에 한해서 해당 공고(인재Pool)에 등록된 이력서를 인사팀에서 비정기적으로 검토하고, 서류 합격자에 대해서만 개별적으로 연락 드립니다.

1. 건축CM / 기계CM / 전기 CM
 - 학력 : 4년제 대졸 이상
 - 전공 : 상기 관련 전공 참조
 - 경력 : CM/시공 관련 실무경력 5년 이상
 
※ 생산시설 (반도체, 전지사업 및 첨단장치 사업) CM/시공 업무 유경험자 우대
※ 공정관리(Scheduler), 원가관리(QS)관련 업무 유경험자 우대

2. PJT전문직(건축/기계/전기CM)

-. 학력 : 전문대졸 이상 
-. 전공 : 직무별 관련 전공 우대
※ 건축CM :  건축(공)학/건축설계 관련 학과
※ 기계CM : 기계공학/설비 및 건축설비 관련 학과
※ 전기CM : 전기/제어 관련 학과

-.경력  :관련 직무 실무경력 5년 이상
※ 해외 : 중국/베트남/폴란드 근무 경험자 우대
※ 영어 및 중국어 능통자 우대
전형절차

서류전형

1차면접

건강검진

2차면접

제출방법
당사 홈페이지(Careers.lg.com) 內 채용 Site에서 On-line 지원 
   ※ 우편접수, e-mail 접수 및 방문접수는 받지 않습니다. 

※ 해당 공고는 상시채용을 위한 인재 Pool로 활용되며, 별도의 마감 일정이나 전형 일정, 세부 지원자격 등이 없습니다. (마감일정이 있는 공채나 모집공고 채용과는 구분하시기 바랍니다.) 
따라서 채용 Needs 발생시에 한해서 해당 공고(인재Pool)에 등록된 이력서를 인사팀에서 비정기적으로 검토하고, 서류 합격자에 대해서만 개별적으로 연락 드립니다.
기타사항
※ 2022년 4월 1일부로 S&I CM 사명이 D&O CM으로 변경되었습니다.

- 보훈대상자 / 장애인은 관련법규에 의하여 우대
- 1차면접과 동시에 오프라인 인성검사를 진행합니다.
- 고용형태 : 정규직 및 PJT전문직
- 비밀번호 분실, 지원서 수정 및 오류발생 문의 
 : LG Careers 사이트 (Careers.lg.com) 상단 “채용문의” → “1:1질문하기”로 문의 
※ 등록된 이메일/비밀번호가 생각나지 않으면 “이메일주소/비밀번호 찾기” 클릭해서 해결하세요 
※ 이메일, 보조이메일, 비밀번호 둘다 생각이 안나는 경우는 “이메일주소/비밀번호 찾기”하단에 
“로그인 문의”를 클릭해 문의하시기 바랍니다. 
※ 지원서 등록마감시점 이후에는 기간연장 및 공고지원이 불가하므로 
등록관련 문제가 있으시면 반드시 마감 3일전까지 확인하시고 문의 및 관련요청 완료 하셔야 합니다.
※ 채용서류 반환 관련 안내
　당사는 ‘채용절차 공정화에 관한 법률’을 준수하며, 하기와 같이 채용서류 반환 청구 신청이 가능합니다.
　(LG Careers 사이트나 전자우편을 통해 제출하신 서류는 대상에서 제외됩니다.)
　- 대상 서류: 전형 진행과정에서 직접 제출하신 각종 서류 및 자료 일체
　- 신청 기간: 최종 합격자 발표 후 180일 이내
　　　  　　　(단 해당기간 내 반환 청구가 없을 경우 개인정보 보호법에 따라 보관 및 파기 예정입니다.)
　- 신청 방법: LG Careers 로그인 후 ""1:1 질문하기""에 [채용서류 반환 청구서] 작성 후 첨부하여 반환 문의 등록
　- 반환 절차: 채용담당자가 반환 신청 문의 확인 후 14일 이내 요청서류를 반환
　　　  　　　(등기 배송이며, 반환시 발생하는 비용은 전액 회사에서 부담합니다.)",,경력,2025-12-31,,"{""job_category"": ""D&O"", ""application_period"": ""2019-03-22 11:00 ~ 2025-12-31 23:00""}",2025-11-10,"{""combined"": ""C:\\workspace\\fproject\\backend-model\\img\\lg_job_10416.png""}",상시 인재 Pool 등록,https://careers.lg.com/apply/detail?id=10416
LG,2025-11-10,지원 자격 및 절차,,경력,2025-12-31,본사,"{""job_category"": ""생산/품질"", ""job_type"": ""D&O""}",2025-11-10,"{""combined"": ""C:\\workspace\\fproject\\backend-model\\img\\lg_job_4119.png""}",상시 인재 Pool 등록,https://careers.lg.com/apply/detail?id=4119
