benefits,career_type,company,contact,deadline,description,id,job_group,location,preferred,process,requirements,status,title,url
,신입/경력,하이엠솔루텍,▪ 문의처 : LG Careers 사이트내 “채용문의” → “1:1질문하기”를 이용,2025.11.16 23:00,"1. 사업계획 수립 및 이동계획 수립
2. 경영실적 및 구분손익 관리
3. 주요 원가관리 및 손익차이 분석
4. KPI등 주요 선행지표 관리 및 보고
5. 통제성 예산관리",1001048,경영지원,서울특별시 강서구,"1.경영학등 관련 학과 전공자
2. OA활용능력 우수자(엑셀,파워포인트 등)","서류전형
인성검사
면접전형
채용검진
최종전형","1. 경영관리 경력 5년이상
2. 영어 회화 가능",게시중,[정규직] 국내 경영관리 담당자 모집(경력),https://careers.lg.com/apply/detail?id=1001048
,경력,LG전자,▪ 문의처 : LG Careers 내 1:1 질문하기,2025.11.10 23:00,"■ 맡게 될 업무를 소개해요
1) LGE.com의 새로운 탐색 경험 설계
2) 사용자 데이터 분석 및 개선 방향 기획
3) 서비스/플랫폼 지표 정의 및 시각화
4) 플랫폼실 데이터 활용 역량 방안 수립 및 실행
■ 함께 하게 될 팀을 소개해요
우리 팀은 LG전자 한국 D2C플랫폼인 LGE.com의 차별화된 고객 경험 제공과 비즈니스 성과 극대화를 목표로 하고 있습니다. 안정적인 플랫폼 운영과 시스템 고도화를 통해 고객 가치를 창출하며, 빠르게 변화하는 AI 시대에 발맞춰 고객 니즈에 선제적으로 대응하고 있습니다.
주요 업무로는 IT 전략 및 기술 로드맵 수립, 플랫폼 서비스 개발 및 성능 개선, 최신 IT 기술 적용 및 연구, 개발/운영 체계 및 인프라 관리를 하고 있으며, 이 모든 것을 실현하기 위해 팀원 개개인의 기술 역량 강화와 전문성 확보에 지속적으로 투자하고 있습니다.
■ 함께 할 동료의 한마디
""우리 팀의 데이터 분석가는 단순히 보고서를 작성하는 역할을 넘어서, 개발 우선순위 결정, 실험 설계, 플랫폼 건강 진단 등 의사결정의 핵심 파트너입니다.""
""‘감’이 아닌 데이터, ‘추측’이 아닌 실험으로 움직이는 팀을 지향합니다. 그 중심에서 함께 고민하고, 실패하며, 성장할 분석가를 기다립니다.""
""기술을 이해하고, 비즈니스를 고민하며, 개발자와 같은 언어로 소통할 수 있는 분이라면 더욱 환영합니다. 보고를 위한 분석이 아닌, 액션을 위한 분석을 함께 만들어갑니다.""",1001047,영업/마케팅,LG서울역빌딩,"1) 머신러닝 알고리즘 이해 및 모델링 경험
2) A/B 테스트 설계 및 분석 경험
3) 대용량 데이터 처리 경험
4) 클라우드 환경(AWS, GCP, Azure) 경험
5) Git 등 버전 관리 시스템 활용 경험
6) 관련 분야 석사 학위 이상","서류전형
~11월 초
인성검사
11월 중
1차면접
11월 중
2차면접
11월 말
검진 및 처우협의
11월 말~
▪ 채용 프로세스별 순서 및 일정은 내부사정에 의해 변경될 수 있으며, 전형결과는 LG Careers통해 확인 가능합니다.","1) 학사 학위 이상 (통계학, 경영학, 경제학, 컴퓨터공학 등 관련 전공 우대)
2) 3년 이상의 데이터 분석 실무 경험
3) SQL, BigQuery 활용 능력
4) Python 또는 R 중 1개 이상 프로그래밍 언어 활용 능력
5) 통계 분석 및 가설 검증에 대한 이해
6) 데이터 시각화 도구 경험 (Tableau, Power BI 등)",게시중,[한국영업본부] D2C플랫폼 데이터 분석,https://careers.lg.com/apply/detail?id=1001047
,경력,LG전자,▪ 문의처 : LG Careers 내 1:1 질문하기,2025.11.10 23:00,"■ 맡게 될 업무를 소개해요
LGE.com의 EPIC 과제 수행과 운영 전반을 체계적으로 지원
1) 인력 리소스 관리를 통한 과제별 최적인력 배치, WBS기반의 일정관리를 통한 진행상황 모니터링 및 지연이슈 관리
2) 프로세스 표준화 및 가이드 수립을 통한 과제 단계별 일관된 품질 확보, 이슈 발굴 및 조정을 통한 이해관계자의 협업 지원
3) Jira기반 데이터 분석과 모니터링을 통한 프로젝트 지원 및 운영 효율화
■ 함께 하게 될 팀을 소개해요
우리 팀은 LG전자 한국 D2C플랫폼인 LGE.com의 차별화된 고객 경험 제공과 비즈니스 성과 극대화를 목표로 하고 있습니다. 안정적인 플랫폼 운영과 시스템 고도화를 통해 고객 가치를 창출하며, 빠르게 변화하는 AI 시대에 발맞춰 고객 니즈에 선제적으로 대응하고 있습니다.
주요 업무로는 IT 전략 및 기술 로드맵 수립, 플랫폼 서비스 개발 및 성능 개선, 최신 IT 기술 적용 및 연구, 개발/운영 체계 및 인프라 관리를 하고 있으며, 이 모든 것을 실현하기 위해 팀원 개개인의 기술 역량 강화와 전문성 확보에 지속적으로 투자하고 있습니다.
■ 함께 할 동료의 한마디
""우리 팀은 LGE.com의 안정적인 운영과 시스템 고도화를 통해 고객 가치를 창출합니다.
투명한 소통을 바탕으로 팀원 각자의 전문성 강화를 위해 함께 노력하고 있습니다.
대규모 이벤트 운영부터 AI 시대에 맞는 고객 경험 혁신까지, 도전적인 과제를 함께 해결해나가고 있습니다.
쉽지 않은 여정이지만, 실질적인 성과를 만들어내는 보람이 있습니다.
그동안 쌓아오신 경험과 인사이트를 바탕으로 함께 성장해 나가길 기대합니다.""",1001046,경영지원,LG서울역빌딩,"1) 이커머스 또는 대규모 플랫폼 운영 PMO 경험
2) 애자일/스크럼 방법론 적용 경험, EPIC 단위 과제 관리 경험, 개발 생명주기(SDLC) 전반에 대한 이해
3) Confluence, Notion 등 협업 도구 활용 능력, 품질·감사 프로세스 대응 경험
4) PMP 등 프로젝트 관리 자격증","서류전형
~11월 초
인성검사
11월 중
1차면접
11월 중
2차면접
11월 말
검진 및 처우협의
11월 말~
▪ 채용 프로세스별 순서 및 일정은 내부사정에 의해 변경될 수 있으며, 전형결과는 LG Careers통해 확인 가능합니다.","1) 5년 이상의 프로젝트 관리 실무 경험
2) 다수의 프로젝트 동시 수행 및 WBS 기반 일정·진척 관리 경험
3) 인력 리소스 배치 및 운용 관리 능력과 Jira 등 프로젝트 관리 도구 활용 능력
4) 프로젝트 수행 중 발생하는 이슈 식별 및 조율 경험, 계획 대비 실적 차이 분석 및 개선안 도출 능력
5) 프로세스 표준화 및 문서화 경험과 다양한 이해관계자(개발팀, 기획팀, 외주 파트너 등) 간 커뮤니케이션 및 조정 능력
6) 데이터 기반 의사결정 및 보고서 작성 능력",게시중,[한국영업본부] D2C플랫폼 PMO,https://careers.lg.com/apply/detail?id=1001046
,경력,LG전자,▪ 문의처 : LG Careers 내 1:1 질문하기,2025.11.10 23:00,"■ 맡게 될 업무를 소개해요
1) D2C플랫폼 IT전략 수립 및 관리 - 비즈니스 목표 달성을 위한 중/장기 IT 전략, 정책 및 표준 수립과 이행, IT서비스 품질 및 지속적인 개선 관리
2) D2C플랫폼 IT예산 및 인력 계획 수립 및 운영 보고
■ 함께 하게 될 팀을 소개해요
우리 팀은 LG전자 한국 D2C플랫폼인 LGE.com의 차별화된 고객 경험 제공과 비즈니스 성과 극대화를 목표로 하고 있습니다. 안정적인 플랫폼 운영과 시스템 고도화를 통해 고객 가치를 창출하며, 빠르게 변화하는 AI 시대에 발맞춰 고객 니즈에 선제적으로 대응하고 있습니다.
주요 업무로는 IT 전략 및 기술 로드맵 수립, 플랫폼 서비스 개발 및 성능 개선, 최신 IT 기술 적용 및 연구, 개발/운영 체계 및 인프라 관리를 하고 있으며, 이 모든 것을 실현하기 위해 팀원 개개인의 기술 역량 강화와 전문성 확보에 지속적으로 투자하고 있습니다.
■ 함께 할 동료의 한마디
""우리 팀은 LGE.com의 안정적인 운영과 시스템 고도화를 통해 고객 가치를 창출합니다.
투명한 소통을 바탕으로 팀원 각자의 전문성 강화를 위해 함께 노력하고 있습니다.
대규모 이벤트 운영부터 AI 시대에 맞는 고객 경험 혁신까지, 도전적인 과제를 함께 해결해나가고 있습니다.
쉽지 않은 여정이지만, 실질적인 성과를 만들어내는 보람이 있습니다.
그동안 쌓아오신 경험과 인사이트를 바탕으로 함께 성장해 나가길 기대합니다.""",1001045,경영지원,LG서울역빌딩,"1) D2C플랫폼에서의 IT기획 업무 경험
2) 벤더 관리 및 아웃소싱 경험, SW개발 경험 또는 기술적 백그라운드","서류전형
~11월 초
인성검사
11월 중
1차면접
11월 중
2차면접
11월 말
검진 및 처우협의
11월 말~
▪ 채용 프로세스별 순서 및 일정은 내부사정에 의해 변경될 수 있으며, 전형결과는 LG Careers통해 확인 가능합니다.","1) IT기획 또는 전략/컨설팅 업무 경험
2) IT인프라/SI/SM 계약 검토 및 관리 경험
3) 커머스 플랫폼 운영 프로세스 개선 및 시스템 구축 경험
4) IT프로젝트 사업관리, 품질관리, 위험관리 등 프로젝트 수행 경험",게시중,[한국영업본부] D2C플랫폼 IT전략,https://careers.lg.com/apply/detail?id=1001045
,경력,LG전자,▪ 문의처 : LG Careers 내 1:1 질문하기,2025.11.10 23:00,"■ 맡게 될 업무를 소개해요
LGE.com 품질 보증 및 테스트/검증 수행
1) 기획서(BRD/PRD) 분석 및 테스트 케이스 작성, 단위·통합·회귀 테스트 수행, 테스트 결과서 작성 등 전반적인 품질 관리 활동과 QC 인원 관리
2) 결함 추적 관리 및 품질 측정을 통한 의사결정 지원
3) 배포 전 최종 품질 게이트 역할 수행
4) AI 기반 테스트 자동화 도입을 통한 테스트 커버리지 및 생산성 향상
■ 함께 하게 될 팀을 소개해요
우리 팀은 LG전자 한국 D2C플랫폼인 LGE.com의 차별화된 고객 경험 제공과 비즈니스 성과 극대화를 목표로 하고 있습니다. 안정적인 플랫폼 운영과 시스템 고도화를 통해 고객 가치를 창출하며, 빠르게 변화하는 AI 시대에 발맞춰 고객 니즈에 선제적으로 대응하고 있습니다.
주요 업무로는 IT 전략 및 기술 로드맵 수립, 플랫폼 서비스 개발 및 성능 개선, 최신 IT 기술 적용 및 연구, 개발/운영 체계 및 인프라 관리를 하고 있으며, 이 모든 것을 실현하기 위해 팀원 개개인의 기술 역량 강화와 전문성 확보에 지속적으로 투자하고 있습니다.
■ 함께 할 동료의 한마디
""우리 팀은 LGE.com의 안정적인 운영과 시스템 고도화를 통해 고객 가치를 창출합니다.
투명한 소통을 바탕으로 팀원 각자의 전문성 강화를 위해 함께 노력하고 있습니다.
대규모 이벤트 운영부터 AI 시대에 맞는 고객 경험 혁신까지, 도전적인 과제를 함께 해결해나가고 있습니다.
쉽지 않은 여정이지만, 실질적인 성과를 만들어내는 보람이 있습니다.
그동안 쌓아오신 경험과 인사이트를 바탕으로 함께 성장해 나가길 기대합니다.""",1001044,생산/품질,LG서울역빌딩,"1) 이커머스 플랫폼 QA경험, 테스트 자동화 도구(Autify 등) 구축/운영 경험","서류전형
~11월 초
인성검사
11월 중
1차면접
11월 중
2차면접
11월 말
검진 및 처우협의
11월 말~
▪ 채용 프로세스별 순서 및 일정은 내부사정에 의해 변경될 수 있으며, 전형결과는 LG Careers통해 확인 가능합니다.","1) 웹/앱 서비스 QA 실무 및 관리 경험을 포함한 총 10년 이상의 경력
2) 테스트 계획 수립 및 테스트 케이스 작성·관리 경험
3) 기획서(BRD/PRD) 분석을 통한 테스트 시나리오 도출 능력과 단위·통합·회귀 테스트 수행 및 결함 추적 경험
4) Jira 등 이슈 트래킹 도구 활용 경험
5) 개발팀과 원활히 협업하면서도 객관적 관점에서 품질 리스크를 제기할 수 있는 커뮤니케이션 능력",게시중,[한국영업본부] D2C플랫폼 SW 품질 관리,https://careers.lg.com/apply/detail?id=1001044
,경력,LG전자,▪ 문의처 : LG Careers 내 1:1 질문하기,2025.11.09 23:00,"■ 맡게 될 업무를 소개해요
1) 고객 경험 전략 수립 및 UX 방향성 제시
2) 고객 리서치(정성/정량) 및 인사이트 도출
3) UX 로드맵 및 핵심 과제 관리
4) 대외 커뮤니케이션 및 사내 UX 정책 정립 지원
■ 함께 하게 될 팀을 소개해요
우리팀은 고객 경험 중심의 서비스 혁신을 주도하며, 고객 인사이트 기반으로 LGE.COM의 UI/UX 방향성을 정의하고 전사 고객 경험 전략 및 로드맵을 총괄합니다. 또한 UX 리서치와 전략 수립 외에도 대외 커뮤니케이션 및 과제 포트폴리오 관리, 전략 Staff 역할을 수행합니다.
■ 함께 할 동료의 한마디
“LGE.COM 전사 UX 전략 수립 및 실행 경험을 통해 UX Strategy/Research 전문가로 성장할 수 있습니다. 실제 사업 방향과 UX 전략의 연계 경험을 통해 기업 내 UX 리더십 역량을 강화할 수 있습니다.”",1001043,디자인,LG서울역빌딩,"우대 사항
1) UX 전략/리서치 프로젝트 리딩 경험
2) 고객경험(CX) 또는 브랜드 경험 전략 수립 경험
3) 경영진 대상 보고/브리핑 역량 및 스토리텔링 능력","전형절차
서류전형
~11월 초
인성검사
11월 중
1차면접
11월 중
2차면접
11월 말
검진 및 처우협의
11월 말~
▪ 채용 프로세스별 순서 및 일정은 내부사정에 의해 변경될 수 있으며, 전형결과는 LG Careers통해 확인 가능합니다.","필수 사항
1) UX 전략 또는 리서치 경험
2) 고객 여정 설계 및 Pain Point 도출 역량
3) 서비스 전략 및 정책 수립 경험
4) 조직 간 커뮤니케이션 및 보고 문서 작성 능력",게시중,[한국영업본부] D2C플랫폼 UX전략 스페셜리스트 ,https://careers.lg.com/apply/detail?id=1001043
,경력,LG전자,▪ 문의처 : LG Careers 내 1:1 질문하기,2025.11.09 23:00,"■ 맡게 될 업무를 소개해요
1) 제품 비전 및 로드맵 정의, 우선순위 설정 및 관리
2) 백로그 관리 및 스프린트 기획/운영
3) 프로덕별 핵심 지표(KPI) 설계 및 성과 리뷰
4) 사업·서비스·디자인 조직 간 협업 및 의사결정 조율
■ 함께 하게 될 팀을 소개해요
우리팀은 LGE.com에서 고객의 구매여정 전반에 대한 세분화된 분석과 인사이트 도출을 통해 서비스 기본 경쟁력을 강화하며,  탐색/구매/배송 등 고객의 온라인 구매 여정에서 LG전자만의 차별화된  고객 경험 제시할 수 있는 서비스를 기획하고 있어요.
PO는 사업·콘텐츠 구분 없이 프로덕 중심의 통합 과제 리딩을 통해 서비스 비전과 방향성을 명확히 하고,
비즈니스, 기술, 디자인 등 이해관계자 간의 협업을 통해 제품 단위의 가치를 극대화하는 역할을 수행합니다.
■ 함께 할 동료의 한마디
“D2C 전사 핵심 플랫폼의 PO로서 전략 수립부터 실행까지 전 과정을 경험할 수 있습니다. 제품 중심의 조직 문화와 애자일 프로세스를 체득하며, 향후 프로덕 리더(Head of Product)로 성장할 수 있습니다.""",1001042,상품/서비스기획,LG서울역빌딩,"우대 사항
1) 애자일 프로세스 및 Jira, Notion, Confluence 등 협업툴 활용 경험
2) 신규 서비스 런칭 또는 대규모 플랫폼 리뉴얼 경험
3) 기술/디자인/사업의 교차 영역 이해도","전형절차
서류전형
~11월 초
인성검사
11월 중
1차면접
11월 중
2차면접
11월 말
검진 및 처우협의
11월 말~
▪ 채용 프로세스별 순서 및 일정은 내부사정에 의해 변경될 수 있으며, 전형결과는 LG Careers통해 확인 가능합니다.","필수 사항
1) 온라인 서비스 또는 커머스 제품 기획/운영 경험
2) PO 또는 프로젝트 리드로서 End-to-End 과제 관리 경험
3) 데이터 기반 의사결정 및 문제해결 능력
4) 다양한 이해관계자와의 커뮤니케이션 및 협업 역량
5) D2C 플랫폼 또는 플랫폼 기업 근무 경험 및 프로젝트 리딩 경험자 우대",게시중,[한국영업본부] D2C플랫폼 PO,https://careers.lg.com/apply/detail?id=1001042
,경력,LG전자,▪ 문의처 : LG Careers 내 1:1 질문하기,2025.11.09 23:00,"■ 맡게 될 업무를 소개해요
1) 서비스 전략 수립 및 요구사항 정의 (Business/UX 관점 통합)
2) 고객 시나리오 기반 기능 설계 및 프로세스 정의
3) 신규 서비스 기획 및 개선 프로젝트 리딩
4) 화면 구조(Wireframe) 정의 및 서비스 명세서 관리
■ 함께 하게 될 팀을 소개해요
우리팀은 LGE.com에서 고객의 구매여정 전반에 대한 세분화된 분석과 인사이트 도출을 통해 서비스 기본 경쟁력을 강화하며,  탐색/구매/배송 등 고객의 온라인 구매 여정에서 LG전자만의 차별화된  고객 경험 제시할 수 있는 서비스를 기획하고 있어요.
우리팀은 신규 고객들이 많이 유입될 수 있는 신규 서비스 발굴과 이미 저희 서비스를 이용해주시는 고객들이 여러번 다시 방문하실 수 있도록 고객 만족을 최우선 순위로 일하고 있습니다.
■ 함께 할 동료의 한마디
“서비스 전략 수립부터 정의·운영까지 End-to-End 프로세스를 경험하며, D2C 서비스 기획 전문가로 성장할 수 있습니다. 데이터 기반 의사결정과 체계적 문서화를 통한 기획 역량을 고도화하고 싶은 분들의 지원을 기다립니다.""",1001041,경영지원,LG서울역빌딩,"우대 사항
1) 7년 이상의 서비스기획 경험
2) 원만한 의사소통 능력","전형절차
서류전형
~11월 초
인성검사
11월 중
1차면접
11월 중
2차면접
11월 말
검진 및 처우협의
11월 말~
▪ 채용 프로세스별 순서 및 일정은 내부사정에 의해 변경될 수 있으며, 전형결과는 LG Careers통해 확인 가능합니다.","필수 사항
1) 웹/앱 서비스 기획 및 정책 정의 경험
2) 서비스 플로우 및 프로세스 정의 능력
3) 협업조직(개발/디자인/마케팅)과의 커뮤니케이션 역량
4) 정량적 데이터 기반의 서비스 개선 경험
5) D2C 플랫폼 또는 플랫폼 기업 근무 경험 및 프로젝트 리딩 경험자 우대",게시중,[한국영업본부] D2C플랫폼 서비스기획자 ,https://careers.lg.com/apply/detail?id=1001041
"■ 채용조건
- 본 공고는 3개월 인턴(계약직) 근무 후 평가에 따라 정규직으로 전환되는 채용 건입니다.
- 인턴 기간 동안 시급제(식대별도) 운영, 정규직 전환 시 연봉제로 운영됩니다.
- 고객유지 성공 건수에 따라 별도 수당(月)이 지급됩니다.
- 고객센터 업무 특성상 평일 연장 또는 주말 특근이 발생할 수 있으므로 가능하신 분만 지원 바랍니다.",신입,하이텔레서비스,"- 채용 관련 문의 : 채용담당자(yeona1.kim@lge.com)
- 홈페이지 및 시스템 문의 : LG Careers 사이트 內 상단 ""채용문의-1:1 질문하기""를 이용하시기 바랍니다.",2025.12.05 23:00,"■ 맡게 될 업무를 소개해요
- 구독(렌탈) 고객 계약 및 유지관리 상담
- 구독(렌탈) 요금납부 및 결제변경 관련 정보 제공
- 구독(렌탈)/케어십 고객 유지 상담",1001037,고객서비스,하이텔레서비스(본사),"■ 추가로 이런 경험/역량이 있으면 더 좋아요
- 고객센터 상담 경력을 보유하신 분
- 고객유지 상담 경험을 보유하신 분
- 외국어 능력을 보유하신 분","전형절차
서류전형
인적성검사
면접전형
채용검진
최종합격
*본 공고는 상시 채용으로 전형 진행시 개별 연락드릴 예정입니다.","■ 이러한 경험/역량이 있으신 분과 함께 하고 싶어요
- 고객서비스에 대한 열정과 긍정적 마인드를 소유하신 분
- MS Office 활용이 가능하신 분
- 원활한 의사소통 능력을 보유하신 분
- 팀워크 및 협업 능력을 보유하신 분

지원자격
- 고등학교 졸업 이상 학력 소지자만 지원가능합니다.(필수)
※ 취업보호대상자(장애, 보훈 등)는 관계 법령에 의거하여 우대합니다.(최종합격 시 증명서 제출 必, 허위사실일 경우 채용이 취소됩니다)
※ 해외여행 또는 비자 발급 요건에 결격 사유가 없으신 분, 남자인 경우 병역 필 또는 면제되신 분에 한해 지원 가능합니다",게시중,[하이텔레서비스] LG전자 고객센터 상담 직무  채용(상시),https://careers.lg.com/apply/detail?id=1001037
,경력,LG전자,▪ 문의처 : LG Careers 내 1:1 질문하기,2025.11.09 23:00,"■ 맡게 될 업무를 소개해요
1) 콘텐츠의 유입부터 조회, 재방문까지 이어지는 콘텐츠 소비여정 전략 수립
2) 리빙 트렌드, 인테리어, 홈스타일링 테마의 오리지널 콘텐츠 기획 및 마케팅 실행
3) 콘텐츠 기반의 커뮤니티 고도화 및 운영
3) 사업 기여 관점에서 콘텐츠 데이터 분석 및 인사이트 도출
■ 함께 하게 될 팀을 소개해요
우리 팀은 LG전자 공식채널인 LGE.com과 판매 제휴 채널(오픈마켓, 종합몰 등)의 온라인 고객의 인지를 높이고 구매 전환을 극대화 하는 것을 목표로 다양한 통합 마케팅 업무를 하고 있습니다. 또한 리빙 신사업 전반을 리드하고 있습니다.
조금 더 구체적으로 팀의 역할을 정의하면, 마케팅 관점에서는 1)  LG전자 온라인 브랜딩,  2) 판촉을 위한 프로모션/라이브 운영, 3) 유입과 구매전환을 높이기 위한 온오프사이트의 스마트한 채널 운영의 업무를 진행하고 있고, 신사업 관점에서는 리빙 카테고리의 확장을 위한 1) 전략 수립, 2) 3rd party 영입, 3) 마케팅 전반, 4) 온사이트 채널 운영의 업무, 5)가전과 리빙/인테리어시공을 결합한 고감도 공간/제품 큐레이팅을 진행할 계획을 가지고 있습니다.
■ 함께 할 동료의 한마디
“온라인커머스몰의 판촉 활동을 주 업무로 담당하면서 이외 마케팅 사이드에서의 전문성도 함께 키워나갈 수 있어, 향후 온라인 통합 마케터로 성장할 수 있습니다.”
""빅프로모션을 리딩하는 PM으로서 업무 역량을 확대할 수 있습니다.""
""BA와 함께 빅프로모션 기획을 고도화해 가고 있으며, 이 과정에서 데이터에 대한 이해도 또한 높일 수 있습니다.""",1001030,영업/마케팅,LG서울역빌딩,"1) 프로모션 기획 역량 외에도 BA-디자인-서비스기획-개발에 대한 이해를 기반으로 유관 부서와 소통할 수 있는 팀워크 및 의사소통능력
2) 트렌드 분석, 파트너사와의 협업 능력 및 전체 프로세스 관리 역량","서류전형
~11월 초
인성검사
11월 중
1차면접
11월 중
2차면접
11월 말
검진 및 처우협의
11월 말~
▪ 채용 프로세스별 순서 및 일정은 내부사정에 의해 변경될 수 있으며, 전형결과는 LG Careers통해 확인 가능합니다.","1) 이커머스 콘텐츠 마케팅 기획 또는 PM 경험
2) 이커머스 채널 이해를 기반으로 유저 경험 설계 및 콘텐츠 전략 수립 경험
3) 데이터를 활용한 통계자료/지표관리 및 고객 분석 역량
4) 마케팅 관점에서 신규/개선 프로젝트를 리딩한 경험
5) 온라인마케팅 전반에 대한 높은 이해도",게시중,[한국영업본부] 온라인그룹 신사업 콘텐츠 전문가,https://careers.lg.com/apply/detail?id=1001030
,경력,LG전자,▪ 문의처 : LG Careers 내 1:1 질문하기,2025.11.09 23:00,"■ 맡게 될 업무를 소개해요
1) 홈스타일링 마켓 센싱을 통한 서비스 전략 수립
2) 홈스타일리스트 서비스 운영 및 고도화
3) 홈스타일리스트 KPI 관리
4) 마케팅 및 서비스 운영 전반 관점에서 데이터 분석 및 인사이트 도출
■ 함께 하게 될 팀을 소개해요
우리 팀은 LG전자 공식채널인 LGE.com과 판매 제휴 채널(오픈마켓, 종합몰 등)의 온라인 고객의 인지를 높이고 구매 전환을 극대화 하는 것을 목표로 다양한 통합 마케팅 업무를 하고 있습니다. 또한 리빙 신사업 전반을 리드하고 있습니다.
조금 더 구체적으로 팀의 역할을 정의하면, 마케팅 관점에서는 1)  LG전자 온라인 브랜딩,  2) 판촉을 위한 프로모션/라이브 운영, 3) 유입과 구매전환을 높이기 위한 온오프사이트의 스마트한 채널 운영의 업무를 진행하고 있고, 신사업 관점에서는 리빙 카테고리의 확장을 위한 1) 전략 수립, 2) 3rd party 영입, 3) 마케팅 전반, 4) 온사이트 채널 운영의 업무, 5)가전과 리빙/인테리어시공을 결합한 고감도 공간/제품 큐레이팅을 진행할 계획을 가지고 있습니다.
■ 함께 할 동료의 한마디
“온라인커머스몰의 판촉 활동을 주 업무로 담당하면서 이외 마케팅 사이드에서의 전문성도 함께 키워나갈 수 있어, 향후 온라인 통합 마케터로 성장할 수 있습니다.”
“사이트 운영 전반에 대한 경험을 통해 PM으로서 업무 역량을 확대할 수 있습니다.”
“BA와 함께 마케팅 및 온오프사이트 채널 관리를 고도화하며, 이 과정에서 데이터에 대한 이해도 또한 높일 수 있습니다.”",1001028,영업/마케팅,LG서울역빌딩,"1) BA-디자인-서비스기획-개발에 대한 이해를 기반으로 유관 부서와 소통할 수 있는 팀워크 및 의사소통능력
2) 트렌드 분석, 파트너사와의 협업 및 전체 프로세스 관리 역량","서류전형
~11월 초
인성검사
11월 중
1차면접
11월 중
2차면접
11월 말
검진 및 처우협의
11월 말~
▪ 채용 프로세스별 순서 및 일정은 내부사정에 의해 변경될 수 있으며, 전형결과는 LG Careers통해 확인 가능합니다.","1) 리빙 상품부터 인테리어 시공까지 사업 전반에 대한 높은 이해도
2) 마케팅 및 서비스 관점에서 신규/개선 프로젝트를 리딩한 경험
3) 이커머스 채널에 대한 깊은 이해, 데이터 및 고객 관점에서 온라인 마케팅 전략을 수립하고 실행까지 해본 경험
4) 데이터를 활용한 통계자료/지표관리 및 고객 분석 역량
5) 온라인마케팅 전반에 대한 높은 이해도",게시중,[한국영업본부] 온라인그룹 신사업 서비스 운영,https://careers.lg.com/apply/detail?id=1001028
,신입/경력,하이엠솔루텍,▪ 문의처 : LG Careers 사이트내 “채용문의” → “1:1질문하기”를 이용,2025.11.09 23:00,"• 해외법인 결산업무 수행(재무제표 분석 및 보고)
• 해외법인 세무 검토(이슈 및 규제 변화 모니터링)
• 본사와 해외 법인 간 커뮤니케이션 지원",1001019,경영지원,서울특별시 강서구,"- 직무관련 경력 보유자
- 경영학, 회계학 등 관련학과 졸업자 및 졸업예정자
- 회계, 세무 관련 자격증 보유자
- 영어 활용능력 우수자
- 해외 파견근무 및 다국적 기업 근무 경험자
- O/A 등 컴퓨터 활용 능력 우수자
- 장애인 및 보훈대상자 등 취업보호대상자","서류전형
인성검사
면접전형
채용검진
최종전형",- 해외 출장에 결격사유가 없는 자,게시중,[정규직] 해외법인 결산 담당자 모집(신입/경력),https://careers.lg.com/apply/detail?id=1001019
,경력,하이엠솔루텍,▪ 문의처 : LG Careers 사이트내 “채용문의” → “1:1질문하기”를 이용,2025.11.09 23:00,"1. CS 교육 기획 및 과정 개발
- VOC/고객접점 및 조직별 니즈 분석
- 대면 및 온라인 과정 개발 (교안/컨텐츠)
2. 강의
- 대면 집체 교육 및 CS코칭
: 전국 센터 및 아카데미 출장교육
: 서비스 엔지니어 동행 코칭
- 국내/해외 온라인 컨텐츠 강의
3. 기타
- 과정 개설 및 운영/교육 현황 관리 등
* CS 관련 주제의 PT면접 진행 예정
*
입사 후 인재육성팀 소속으로 근무 예정",1001018,경영지원,서울특별시 강서구,"- 영어회화 가능자
- 운전 가능자","전형절차
서류전형
인성검사
면접전형
채용검진
최종전형","- 기업체  CS 직무(기획/강의) 경력 3년 이상
- 출장 가능자 (연간 140차수 이상)
- CS 관련 자격 소지자
- OA(PPT, Excel 등) 활용 우수자",게시중,[정규직] CS강사 모집(경력),https://careers.lg.com/apply/detail?id=1001018
,경력,LG전자,▪ 문의처 : LG Careers 내 1:1 질문하기,2025.11.09 23:00,"■ 맡게 될 업무를 소개해요
1) 신상품/신사업 아웃소싱 제품/포장 디자인
- 디자인 인사이트 도출을 통한 디자인 Identity 방향성 설정 및 디자인 컨셉 구체화
- 유관 부서(R&D, 상품기획, 품질 등)와 연계하여 제품(HW, SW) 디자인 개발 및 수정
2) 아웃소싱 업체와의 디자인관련 업무 협업
- 시장의 트렌드와 소비자 요구를 파악하여 경쟁력 있는 신제품 디자인 및 업체와의 소통
3) 정보 수집 및 공유
- 글로벌 제품, 제조업체, 경제 동향, 정책 등의 정보 수집
4) 운영 제품 디자인 실용신안 및 특허 등록
5) 포장+패키지 디자인 (포장+구조검토)
■ 함께 하게 될 팀을 소개해요
한국영업본부 아웃소싱사업추진팀은 미진입 시장 內 경쟁력 있는 신제품과 신규 공급업체를 발굴하는 업무를 수행합니다. 발굴된 업체와 함께 협력하여 제품 및 서비스를 개발하면서 전체적인 아웃소싱의 영역에 대한 전략방향을 수립하고 사업개발을 추진합니다. 우리 팀은 본부 內 신사업 관련 조직인 CX, 각 사업담당 조직과 긴밀하게 협업하여 성과를 창출하는 조직입니다. 각기 다른 전문성을 가진 팀원들이 모여, 혁신적인 아이디어를 바탕으로 시장을 주도하고 변화에 민첩하게 대응하고 있습니다.
■ 함께 할 동료의 한마디
“우리는 도전적이고 창의적인 환경에서 함께 성장할 수 있는 인재를 찾고 있습니다. 신사업에 대한 센싱 능력이 있고, 디자인 경쟁력을 통해 다양한 상품군으로 확장하여 고민하고 싶은 분들을 모시고 있어요. Smart Life를 꿈꾸는 고객들을 위해 Pioneer들이 모여, 함께 Possibility를 만들고, Performance를 함께 낼 수 있습니다.”",1001013,디자인,LG서울역빌딩,"우대 사항
1) 영어/중국어 회화 가능자
2) 산업디자인 등 디자인 관련학과
3) 소물제품 회사 디자인 근무 경험
4) 자사 外 아웃소싱 (PB상품) 디자인  경혐 (프리랜서 포함)","전형절차
서류전형
~11월 초
인성검사
11월 초
1차면접
11월 중
2차면접
11월 말
검진 및 처우협의
11월 말~
▪ 채용 프로세스별 순서 및 일정은 내부사정에 의해 변경될 수 있으며, 전형결과는 LG Careers통해 확인 가능합니다.","필수 사항
1) 가전시장 내 신사업/신제품 아웃소싱 디자인 경험이 있으신 분
- 제품 디자인 개발 위한 Design Tool 능통
- 창의적 사고 기반 컨셉 발굴 및 구체화 능력
2) 시장 조사 및 분석을 통해 트렌드에 맞는 제품 / 포장 디자인의 경험이 있으신 분
3) 아웃소싱 업체와의 디자인 업무 소통을 통한 주도적으로 업무를 수행할 수 있는 분
4) 아웃소싱 사업에 대한 전반적인 이해가 있으신 분.
5) 자신의 의견을 명확하게 전달하고 설득할 수 있는 커뮤니케이션 능력을 갖추신 분",게시중,[한국영업본부] 아웃소싱 제품/포장 디자인 전문가,https://careers.lg.com/apply/detail?id=1001013
"기타사항
- 채용형태 : 계약직(1년) / 평가 후 연장 유무 결정
- 근무지 : 경기도 광주시 곤지암리조트
: 곤지암리조트 근무자 기숙사 제공 (2인 1실 기준)
: 리조트 특성상 화~토 기본 근무 (일, 월 휴무) / 부서 업무 특성에 따른 근무일 조정 가능 (주 5일 스케쥴 근무)",신입/경력,D&O,"비밀번호 분실, 지원서 수정 및 오류발생 문의
: LG Careers 사이트 (Careers.lg.com) 상단 “채용문의” → “1:1질문하기”로 문의",2025.11.10 23:00,"■ 입사하면 무슨 일을 하나요?
① 계절직/일용직 인사 운영 및 관리 (행정 업무 및 기타 지원)
② 계절직/일용직 4대 보험 운영 및 관리 (취득/상실/일용근로소득지급명세 등)
③ 계절직/일용직 근태 및 연차 관리
④ 계절직/일용직 제증명 발급 (재직/경력/급여명세서 등)
⑤ 계절직/일용직 근로계약서 외 각종 서류 관리
⑥ 계절직/일용직 채용 업무 (자사홈페이지, 알바몬 공고 및 채용률 현황 등)
⑦ 임직원 사원증 관리 (발급/갱신/식수 등록 등)",1001007,경영지원,곤지암리조트,"■ 우대사항
- 아르바이트/일용직 인사운영(급여,근태), 4대 보험 운영 및 관리 경험자
- 300인 이상 기업이나 단기근무자(알바,일용직 등) IN&OUT이 많은 기업 근무 경력자
- 성격이 꼼꼼하고 계획적이며 숫자 감각이 있으신 분
- 컴퓨터 활용 능력 우수자 (엑셀)","■ 전형절차
서류전형 / 면접전형
채용검진 / 처우협의
- 면접 이후 채용 검진을 실시하며 검진 결과에 따라 입사가 취소될 수 있습니다.
- 전형 결과는 메일과 문자를 통해 안내하며, 채용 홈페이지를 통해 확인할 수 있습니다.","■ 지원자격 (필수)
- 학력 : 전문학사 이상
- 전공 : 무관
- 경력 : 유관 경력 2년 이상(최소)
- 자격 : 무관
- 해외여행에 결격사유가 없는 자 / 남자의 경우, 병역필 또는 면제자",게시중,[레저] 레저)HR팀 인사운영(계약직) 채용,https://careers.lg.com/apply/detail?id=1001007
"-LG전자 창원2공장
-연봉 3,750만원",신입/경력,하이엠솔루텍,▪ 문의처 : LG Careers 사이트내 “채용문의” → “1:1질문하기”를 이용,2025.11.09 23:00,"• LG전자 제품 기술상담 업무
• 상담 미처리 건 아웃바운드 기술상담",1000998,고객서비스,경상남도 창원시,"-기술상담/아웃바운드 상담 경력자
-전산활용 및 컴퓨터 활용능력 우수자
-고객 상담실 근무 경력자
-인근 거주자
-장애인/보훈 대상자 등 취업보호대상자","서류전형
인성검사
면접전형
채용검진
최종전형",-경력무관 (신입 지원가능),게시중,[정규직] 시스템에어컨 제품 기술상담사 모집,https://careers.lg.com/apply/detail?id=1000998
,신입/경력,하이엠솔루텍,▪ 문의처 : LG Careers 사이트내 “채용문의” → “1:1질문하기”를 이용,2025.11.09 23:00,"-칠러 제품 서비스
-칠러 유,무상 정비 PM업무 수행
-칠러 케어서비스 현장관리
-칠러현장 고객관리",1000997,고객서비스,전라남도 광주광역시 서구,"-냉동/기계/전기 관련 자격증 보유자
-산업안전 자격증 보유자
-유사업종 경력 보유자","서류전형
인성검사
면접전형
채용검진
최종전형",-운전 가능자(운전면허 보유자),게시중,[정규직] 칠러 서비스엔지니어 채용,https://careers.lg.com/apply/detail?id=1000997
,신입/경력,하이엠솔루텍,▪ 문의처 : LG Careers 사이트내 “채용문의” → “1:1질문하기”를 이용,2025.12.21 23:00,"[직무상세]
- 시스템에어컨 서비스 엔지니어
- 시스템에어컨 A/S 및 유지보수 관리
※ 필요 인원이 충원될 경우 조기 마감될 수 있습니다.
※ 해당 공고는 상시채용을 위한 인재Pool로 활용되며,
채용 포지션 발생 시 등록하신 지원서 검토 후 서류 합격자에 대해서만 개별적으로 연락 드릴 예정입니다.",1000972,고객서비스,"경기도 하남시, 서울특별시 강남구, 서울특별시 중랑구, 서울특별시 구로구, 서울특별시 은평구, 서울특별시 동대문구, 경기도 부천시, 인천광역시 서구, 경기도 수원시, 경기도 의왕시, 강원도 원주시, 강원도 강릉시, 강원도 춘천시, 충청북도 청주시, 대전광역시 서구, 충청남도 아산시, 대구광역시 동구, 경상북도 경주시, 대구광역시 달성군, 경상북도 안동시, 경상남도 창원시, 경상남도 진주시, 부산광역시 연제구, 울산광역시 울주군, 부산광역시 북구, 전라북도 완주군, 광주광역시 서구, 전라남도 목포시, 전라남도 순천시, 제주특별자치도 제주시","우대 사항
- 에어컨 관련 업무 중수리 등 유경험자
- 자동차 정비/용접 업무유경험자
- 냉동, 기계설비 또는 전기 관련 자격증 소지자
- 공조냉동, 냉동, 기계설비, 전기 관련 전공자
- 장애인 및 보훈 등 취업보호대상자","전형절차
서류전형
인성검사
면접전형
채용검진
최종전형","필수 사항
- 운전 가능자(면허 소지자)",게시중,[정규직] 시스템에어컨 서비스엔지니어 상시 채용 ('25년 하반기/'26년 상반기),https://careers.lg.com/apply/detail?id=1000972
,신입/경력,LG유플러스,"- 지원 방법 : LG Careers (careers.lg.com)을 통한 온라인 접수만 가능 (E-Mail 및 우편/방문접수 불가)
- 관련 문의 : LG Careers (careers.lg.com) 내 '채용문의' - '1:1질문하기'를 이용해주시기 바랍니다.
- 제출 기한 : 2025년 11월 5일(수) 23:00 까지
- 마감 시간 전 작성완료 후 제출하여야 정상적으로 지원이 됩니다.",2025.11.05 23:00,"■ 수행 업무
1) 사무행정 지원 업무
- 대내/외 문서 취합 보조
- 현황/실적 데이터 추출 및 공지
2) 회계 정산 업무
- 수수료 정산 및 비용처리
- 예산 관리 및 정산
3) 대리점 지원 업무
- 대리점 요청 현장 지원성 CS업무
- 기타 전산 업무
- 단말 운영 지원 업무
※ 계약기간 : 1년",1000943,경영지원,전라북도 전주시,"우대 사항
사무업무 관련 전공 및 경험자 우대
전산 회계 관련 자격증 보유자 우대
OA 능력 우수자","전형절차
서류전형
인성검사
면접전형
건강검진
입사","지원자격
- 지원자격은 상세내역 참고
- 해외여행 및 건강상 결격사유가 없는 자
- 남성의 경우 병역필 또는 면제자",게시중,[Consumer부문] 전북소매영업팀 회계/정산 계약직  채용,https://careers.lg.com/apply/detail?id=1000943
,경력,LG유플러스,"- 지원 방법 : LG Careers (careers.lg.com)을 통한 온라인 접수만 가능 (E-Mail 및 우편/방문접수 불가)
- 관련 문의 : LG Careers (careers.lg.com) 내 '채용문의' - '1:1질문하기'를 이용해주시기 바랍니다.
- 제출 기한 : 2025년 11월 10일(월) 23:00 까지
- 마감 시간 전 작성완료 후 제출하여야 정상적으로 지원이 됩니다.",2025.11.10 23:00,"데이터보안팀은 사내 정보유출 예방을 위해 보안솔루션을 활용한 이상행위 분석 및 인식제고 활동을 하고 있습니다.
■ 우리팀에서 하고 있는 일(주요 R&R)
- 사내 정보보호 활동
ㄴ 정보보안솔루션 운영 및 정보유출 모니터링 / 임직원 인식제고
■ 수행 업무
- 정보보안솔루션 운영 및 정보유출 모니터링
■ 필요 경험/경력
- 시스템 또는 보안솔루션 운영 경험 우대
■ 필요역량
- 원할한 커뮤니케이션 능력
- 계약기간: 1년
※ 입사 축하 사이닝보너스 지급,
계약 만료 한 달 전 평가결과 A 이상일 경우 별도의 우수성과 인센티브 지급
* 단, 처우는 전 직장 기반 협의",1000931,경영지원,서울특별시 강서구,"컴퓨터/보안/정보통신 등 관련 학과 전공자
관련직무 경력자","서류전형
인성검사
1차면접
2차면접
평판조회/처우협의
건강검진
입사","- 지원자격은 상세내역 참고
- 해외여행 및 건강상 결격사유가 없는 자
- 남성의 경우 병역필 또는 면제자",게시중,[정보보안센터] 정보 유출 리스크 관리 계약직 채용,https://careers.lg.com/apply/detail?id=1000931
,경력,LG유플러스,"- 지원 방법 : LG Careers (careers.lg.com)을 통한 온라인 접수만 가능 (E-Mail 및 우편/방문접수 불가)
- 제출 기한 : 2025년 11월 11일(화) 23:00 까지
- 마감 시간 전 작성완료 후 제출하여야 정상적으로 지원이 됩니다.
- 관련 문의 : LG Careers (careers.lg.com) 내 '채용문의' - '1:1질문하기'를 이용해주시기 바랍니다.",2025.11.11 23:00,"홍보기획팀은 자사 사업에 대한 이해와 통신 정책에 대한 이해를 바탕으로 우호 여론을 조성하고 부정기사 확산을 방지해 자사의 이미지 제고에 기여하는 업무를 수행하고 있습니다.
■ 우리팀에서 하고 있는 일(주요 R&R)
- B2B 분야 보도자료 작성 및 기획
- 사회부 및 방송 기자 네트워크 확보
- 정책 홍보 및 RISK 관리
- 언론 기사 모니터링 및 대응
■ 수행업무
- 홍보 자료 작성
- 사회부 및 방송 기자 네트워크 확보
- 정책 홍보 및 RISK 관리
- 언론 모니터링 및 당직 업무
■ 업무경험 및 필요역량
- 홍보를 위한 보도자료 및 기획 자료 작성 역량
- 언론사 중 특히 사회부 기자와의 네트워크 경험이 풍부하고 방송 기자에 대한 이해와 네트워크 경험이 있는 자
- 통신 정책 관련 업무 이해가 높고 RISK 관리 업무를 수행한 경험
- 언론 기사 모니터링 및 대응 업무",1000860,네트워크/방송,서울특별시 용산구,"정치, 사회 관련 학과 전공
관련직무 경력 5년 이상","서류전형
인성검사
1차면접
(사전과제)
2차면접
(사전과제)
평판조회/처우협의
건강검진
입사","- 지원자격은 상세내역 참고
- 해외여행 및 건강상 결격사유가 없는 자
- 남성의 경우 병역필 또는 면제자",게시중,[커뮤니케이션센터] 홍보기획 경력채용,https://careers.lg.com/apply/detail?id=1000860
,경력,LG유플러스,"- 지원 방법 : LG Careers (careers.lg.com)을 통한 온라인 접수만 가능 (E-Mail 및 우편/방문접수 불가)
- 관련 문의 : LG Careers (careers.lg.com) 내 '채용문의' - '1:1질문하기'를 이용해주시기 바랍니다.
- 제출 기한 : 2025년 11월 9일(일) 23:00 까지
- 마감 시간 전 작성완료 후 제출하여야 정상적으로 지원이 됩니다.",2025.11.09 23:00,"Workspace Mod Tf의 주요 R&R
- MS SaaS 기반의 전사 업무환경 관련 현대화 추진 및 업무환경 운영/관리
- AI기반의 AX전환을 위한 업무환경 기반 구축 및 연동 운영(업무환경 데이터 MLOps 등)
- U Cloud(사내 VDI), AD, Entra 등 기본기(보안, 품질 등) 강화 지원
■ 수행 업무
- MS 대표 솔루션인 SaaS형 메일, 일정, 문서에 대한 구축/운영 역량을 통한 메일, 일정, 문서에 대한  현대화 수행
- Entra ID를 통한 접근 통제, 계정 연동에 대한 역량으로 글로벌 표준 IdP로의 전환 수행
- MS 내부 Onpremise 솔루션 구축 역량(AD/MECM, Exchange Server, SystemCenter 등)을 통한 내부 MS 아키텍처에 대한 운영/구축 수행
- MS SaaS 보안 솔루션 구축 역량(Intune, Entra, Purview, MCC 등)을 통한 사용자 보안환경 현대화 수행
- PowerPlatform 비롯 MS SaaS 전반의 SaaS 솔루션 제공 아키텍처에 대한 설계
- 프로젝트 리딩 역량(PM 및 PL), 벤더 및 협력사 커뮤니케이션, 내부 커뮤니케이션 등
■ 필요 경험/경력
- 대규모(1,000명 이상) MS Outlook, Sharepoint 구축, 운영 경험
- Entra ID 구축/운영 경험
- On-Premise MS 솔루션에 대한 구축 및 운영 경험
- Intune을 통한 MDM 운영 및 정책 배포관리 경험
- Purview를 통한 문서보안, DLP 등 MS 내 자원에 대한 데이터보안 구축 경험
- MS SaaS Power Platform, Loop, Viva Engage(Yammer), Forms 등 다양한 MS 솔루션 구축 /운영 경험
- 대규모 사용자에 대한 업무환경 구축 경험(PM또는PL)
■ 필요역량
- MS Exchange, Onedrive/Sharepoint Online 환경 구성, 사용자 배포, 프로토콜 관리 및 Legacy 연동 역량, 관련 운영 자동화 역량
- Entra ID Connect 비롯 Legacy ID관리체계 연동 역량, Conditional Access 인원별 설계/적용 역량, SCIM/OIDC/SAML 등 연동 역량
- Exchange Server, Active Directory(Federation Server), MECM, WSUS 등 솔루션 구축/트러블슈팅 역량
- Intune을 활용한 모바일, PC 등 Endpoint 단말에 대한 보안솔루션 온보딩 구축 역량, Intune 또는 AD를 통한 정책 Provisioning 역량, AIP 및 DLP 등 MS Purview 활용 역량
- MS SaaS 내 데이터 구조, 그룹 및 사용자에 대한 연동 구조, 신규 솔루션 출시 및 도입시 고려사항에 대한 설계/구축
- 벤더와의 가격협상, 기술협의 역량
내부 개발자 또는 임직원과의 기술 및 업무 커뮤니케이션 역량
※ 계약기간 (1년) 종료시점 평가결과에 따라 정규직 전환 검토",1000844,연구/개발,서울특별시 강서구,"석사 이상
관련직무 경력 7년 이상
MS 공인 자격증 보유","전형절차
서류전형
인성검사
1차면접
2차면접
평판조회/처우협의
건강검진
입사","지원자격
- 지원자격은 상세내역 참고
- 해외여행 및 건강상 결격사유가 없는 자
- 남성의 경우 병역필 또는 면제자",게시중,[CTO] MS Solution Expert 계약직 채용,https://careers.lg.com/apply/detail?id=1000844
,경력,LG유플러스,"- 지원 방법 : LG Careers (careers.lg.com)을 통한 온라인 접수만 가능 (E-Mail 및 우편/방문접수 불가)
- 관련 문의 : LG Careers (careers.lg.com) 내 '채용문의' - '1:1질문하기'를 이용해주시기 바랍니다.
- 제출 기한 : 2025년 11월 5일(수) 23:00 까지
- 마감 시간 전 작성완료 후 제출하여야 정상적으로 지원이 됩니다.",2025.11.05 23:00,"AIDC엔지니어링팀은
- IDC 대형고객(글로벌·국내) 계약 기술지원
- IDC 전원·기계 기반설비 설계 및 구축
- IDC 대형고객 상면(전산실) 설계 및 구축
- IDC 안전관리
- IDC 기술역량 강화를 위한 벤치마킹·교육·세미나 프로그램 관리 등을 하고 있습니다.
■ 수행 업무
- 위험성평가에 관한 보좌 및 지도·조언
- 안전관리 계획 수립 및 교육 실시 (협력업체 교육자료 및 정보 제공)
- 산업안전보건위원회 /노사협의체 구성 및 운영
- 현장 순회점검 및 관리
- 평촌 IDC센터 구축공사 산업재해 예방계획 수립, 안전보건경영시스템 운영
- 산업재해 발생 시 사고 보고 및 재발방지대책 수립",1000739,생산/품질,경기도 안양시,"안전보건 관련 전공
건설현장 안전관리 경험","전형절차
서류전형
인성검사
1차면접
2차면접
평판조회/처우협의
건강검진
입사","지원자격
- 지원자격은 상세내역 참고
- 해외여행 및 건강상 결격사유가 없는 자
- 남성의 경우 병역필 또는 면제자
필수 사항
학사(4년제)이상
관련 직무 경력 5년 이상
자격증 : 산업안전기사, 건설안전기사(필수)",게시중,[기업부문] 안전관리자 (평촌 IDC센터) 계약직 채용,https://careers.lg.com/apply/detail?id=1000739
"※ 계약기간 : 1년
※ 입사 축하 사이닝보너스 지급,
계약 만료 한 달 전 평가결과 A 이상일 경우 별도의 우수성과 인센티브 지급
* 단, 처우는 전 직장 기반 협의",경력,LG유플러스,"- 지원 방법 : LG Careers (careers.lg.com)을 통한 온라인 접수만 가능 (E-Mail 및 우편/방문접수 불가)
- 관련 문의 : LG Careers (careers.lg.com) 내 '채용문의' - '1:1질문하기'를 이용해주시기 바랍니다.
- 제출 기한 : 2025년 11월 9일(일) 23:00 까지
- 마감 시간 전 작성완료 후 제출하여야 정상적으로 지원이 됩니다.",2025.11.09 23:00,"사이버위협대응팀에서는 고객이 보이스피싱/스미싱/스팸 등의 피해를 입지 않도록 예방 및 대응 활동을 수행합니다.
국가적으로 이슈 및 피해가 큰 민생사기(보이스피싱/스미싱/스팸 등) 피해예방을 위해 발빠른 대응과 분석체계를 구축하고 고도화해 나가고자 합니다.
■ 우리팀에서 하고 있는 일(주요 R&R)
- 민생 사기(보이스피싱/스미싱/스팸 등) 대응 및 대외 협력을 위한 전사 Control Tower
- 보이스피싱/스미싱 및 스팸(수신) 대응전략 수립 및 분석/차단 수행
- 악성ㆍ위협 행위에 대한 사전탐지/차단 기술 확보
- 외부기관(산/학/연)과의 정보 교류를 통한 기술력 확보
- 고객 피해방지 기획 및 대응 활동 홍보, 스팸(수신차단) 민원 및 대외 감사 대응
■ 수행 업무
- 보안솔루션 운영(장애관리) 및 차단 대응 업무(악성앱/악성URL 분석 및 차단)
- 대고객 부가서비스(보안) 관련 문의 대응
- 보이스피싱/스팸 관련 사무지원 및 주기적 업무수행(시스템 등록/수작업 등)
- AI 스팸 분석데이터 정확도 검증 업무
■ 필요 경험/경력
- 보안솔루션 운영 및 차단 업무수행
- 콜센터 상담 업무 경험(인/아웃바운드 상담사)
- 프로세스에 따른 주기적 업무 수행경험
ㄴ 솔루션, 시스템 등록/운영 경험
- 스팸 업무 경험 및 AI 학습과 검증에 대한 이해도
■ 필요 역량
- 악성IOC 분석 및 판단, 신속 정확한 업무처리
- 우수한 커뮤니케이션 및 대인 관계 능력
- 빠른 프로세스 이해능력 및 책임감, 꼼꼼함
- 스팸(문자) 이해도 및 관련 법 내용 숙지
※ 계약기간 : 1년
※ 입사 축하 사이닝보너스 지급,
계약 만료 한 달 전 평가결과 A 이상일 경우 별도의 우수성과 인센티브 지급
* 단, 처우는 전 직장 기반 협의",1000718,경영지원,서울특별시 강서구,"학사(4년제) 이상
관련 직무 경력 3년 이상
정보처리기사, 정보보안기사 자격증 보유","전형절차
서류전형
인성검사
1차면접
2차면접
평판조회/처우협의
건강검진
입사","지원자격
- 지원자격은 상세내역 참고
- 해외여행 및 건강상 결격사유가 없는 자
- 남성의 경우 병역필 또는 면제자",게시중,[정보보안센터] 사이버위협 보안솔루션 운영 계약직 채용,https://careers.lg.com/apply/detail?id=1000718
,경력,LG유플러스,"- 지원 방법 : LG Careers (careers.lg.com)을 통한 온라인 접수만 가능 (E-Mail 및 우편/방문접수 불가)
- 관련 문의 : LG Careers (careers.lg.com) 내 '채용문의' - '1:1질문하기'를 이용해주시기 바랍니다.
- 제출 기한 : 2025년 11월 11일(화) 23:00 까지
- 마감 시간 전 작성완료 후 제출하여야 정상적으로 지원이 됩니다.",2025.11.11 23:00,"■ 수행 업무
-
개인정보처리시스템, 서비스 등 주요 영역에 대한 점검 및 관리
-
개인정보 수탁사 관리정책 수립 및 점검
-
전사 개인정보보호 관리 지침, 가이드 제/개정
-
개인정보보호 동향 파악 및 대외협력 활동 수행
■ 필요경험
- 12년 이상 개인정보보호 관리체계 관련 직무 경험 보유하신 분
- 통신사, 금융회사, 커머스 회사, 개인정보보호 전문기관 등에서 실무 경험 보유하신 분
■ 필요역량
- 개인정보보호 법적규제에 대한 이해 역량
-
개인정보보호 관리체계 수립/구축역량
-
개인정보보호 거버넌스 및 인식제고 수행 역량
- 적극적인 커뮤니케이션 역량",1000612,경영지원,서울특별시 강서구,"학력 : 석사 이상
전공 : 보안 관련 학과
관련 직무 경력기간 15년 이상","전형절차
서류전형
인성검사
1차면접
2차면접
평판조회/처우협의
채용검진
입사","- 지원자격은 상세내역 참고
- 해외여행 및 건강상 결격사유가 없는 자
- 남성의 경우 병역필 또는 면제자",게시중,[정보보안센터] 개인정보점검팀장 경력채용,https://careers.lg.com/apply/detail?id=1000612
,신입/경력,하이엠솔루텍,▪ 문의처 : LG Careers 사이트내 “채용문의” → “1:1질문하기”를 이용,2025.12.31 23:00,"• 시스템에어컨 서비스 엔지니어
• 시스템에어컨 A/S 및 유지보수 관리
• 경력사항 : 경력 혹은 신입
• 근무지 : 전국
※ 장애인 상시 채용 공고는 지원분야에 공석이 발생할 경우,
이미 지원서를 등록한 사람 중 적임자가 있으면,
당사에서 검토 후 개별 안내하는 절차로 진행이 됩니다.
지원서를 등록했다고 즉시 검토 및 채용 절차가 진행되는 것이 아님을 참고해주시기 바랍니다.",1000553,고객서비스,전국,"- 시스템에어컨 관련 업무 중수리 등 3년 이상 유경험자
- 자동차 정비/용접 업무 5년 이상 유경험자
- 냉동, 기계설비 또는 전기 관련 자격증 소지자","서류전형
인성검사
면접전형
채용검진
최종전형","- 장애인 등록증 보유자
- 운전 가능자
- 해외 여행에 결격 사유가 없는 자
- 공통 우대 사항 : 보훈/취업보호 대상자",게시중,[하이엠솔루텍] 장애인 특별 채용_시스템에어컨 서비스엔지니어 모집(2025년 상시),https://careers.lg.com/apply/detail?id=1000553
,신입/경력,하이엠솔루텍,▪ 문의처 : LG Careers 사이트내 “채용문의” → “1:1질문하기”를 이용,2025.12.31 23:00,"- 모집분야 : 사무직(인사, 세무, 회계, 총무, 마케팅 등 사무업무 전반에서 공석 발생 시 검토)
- 근무지 : 서울시 강서구 마곡동
※ 장애인 상시 채용 공고는 지원분야에 공석이 발생할 경우,
이미 지원서를 등록한 사람 중 적임자가 있으면,
당사에서 검토 후 개별 안내하는 절차로 진행이 됩니다.
지원서를 등록했다고 즉시 검토 및 채용 절차가 진행되는 것이 아님을 참고해주시기 바랍니다.",1000552,경영지원,서울특별시 강서구,- 우대사항 : 보훈/취업보호 대상자,"전형절차
서류전형
인성검사
면접전형
채용검진
최종전형","1) 해외 여행에 결격 사유가 없는 자
2) 장애인 등록증 보유자",게시중,[하이엠솔루텍] 장애인 특별 채용_사무직 모집(2025년 상시),https://careers.lg.com/apply/detail?id=1000552
,신입/경력,LG이노텍,,2025.11.10 16:00,"[주요 업무]
- 예산 집행 및 관리
- 정부지원금 집행
- 회계정산
- 교육 요구/수요조사
- 정부 사업계획 수립
- 교육 계획 수립 및 운영
- 대외 홍보 및 온라인 콘텐츠 제작
- 교육 성과 관리
[기 타]
- 계약기간 : 1년(계약 종료 시점에 평가에 따라 1년 연장 가능, 정규직 전환 비대상)",1001061,경영지원,평택러닝센터,"- 교육/기업 1년이상 근무자
- 정부 사업 1년이상 경력자
- HR자격 소지자","전형절차
서류전형
1차면접
채용검진
제출방법
ㆍ 지원서 제출은 LG Careers를 통한 온라인 접수만 가능합니다. (오프라인/이메일 개별 접수 불가)
ㆍ 사진 및 각종 증빙서류는 입사지원 단계에서 제출하지 않습니다. (관련 서류는 전형 단계별 필요시 요청드릴 예정입니다.)
ㆍ 각 전형결과 및 통보는 E-mail을 통해 진행되오니, E-mail 주소를 정확하게 기재하여 주시기 바랍니다.
ㆍ 시스템 및 전형에 대해 궁금하신 사항은 'LG Careers-1:1 문의하기'를 이용해주시기 바랍니다.
ㆍ 전형 단계별 결과는 LG Careers에서 확인하실 수 있으며, 이후 전형 일정은 합격자에 한하여 개별 안내됩니다.","지원자격
ㆍ해외여행에 결격사유가 없는 자로, 남자의 경우 병역 필 또는 면제자
ㆍ취업 보호 대상자(보훈대상자/장애인)는 관련 법규 등에 의거하여 우대
ㆍ각 모집분야 상세내역 내 필수 자격요건 참고",게시중,[전사] 정부지원 훈련사업 운영 담당자 채용(계약직),https://careers.lg.com/apply/detail?id=1001061
,경력,LG화학,,2025.11.16 23:00,"• 건강관리실 운영, 응급처치 및 대응
• 건강검진 관리 (일반 / 특수 / 종합)
• 유소견자 사후관리 (상담 / 사후검진)
• 임직원 건강증진활동 운영
• 산업안전보건법에 따른 보건관리자 업무 전반",1001057,생산/품질,여수,"• 산업보건 / 위생 관련 자격증 보유자
• 사업장 부속의원 근무 경력 또는 사업장 보건관리자 경력 보유자
• 의료기관 행정업무 능통자","서류전형
1차면접
2차면접
채용검진
최종전형

제출방법
1) 본 사이트를 통한 접수만 가능합니다. (우편접수, E-mail 접수 및 방문접수는 받지 않습니다.)
2) 각 전형결과 및 통보는 E-mail을 통해 진행되오니, E-mail 주소를 정확하게 기재하여 주시기 바랍니다.
3) 기타 문의사항 발생 시
- 채용관련문의 : LG Careers 1:1 문의
※ E-mail 및 비밀번호 분실 시 “로그인”에서 이메일주소 및 비밀번호 찾기를 통해 확인
※ 공고마감일은 지원 관련 문의가 많아, 이에 대한 답변 및 대응이 늦어질 수 있습니다.
등록마감 이후, 추가 등록 및 수정이 불가하므로 반드시 등록 관련 문의는 마감 3일 전까지 요청 완료하여 주시기 바랍니다.","1) 4년제 학사 이상 학위를 보유하신 분
2) 간호사 자격을 보유하신 분
2) '26년 1월부터 근무 가능하신 분
※ 최종 면접에 합격하신 분은 1년간 계약직으로 근무하시게 됩니다. (평가결과에 따라 계약연장 검토 가능)
3) 해외여행에 결격 사유가 없는 자, 남성의 경우 군필 혹은 면제자
4) 보훈대상자는 관련 법규에 의거 우대합니다.
※ 동시에 진행되는 공고에 중복 지원을 삼가 주시기 바랍니다.
여러 공고에 중복 지원된 경우 회사에서 판단하여 가장 적합한 공고로만 진행하게 될 수 있으니,
A공고 지원 완료 후 더 적합하다고 판단되는 B공고에 지원을 희망하시는 경우 A공고는 지원 취소를 해 주시기 바랍니다.",게시중,"[CSEO] 보건관리 분야 경력사원 모집 (석유화학.여수, 계약직)",https://careers.lg.com/apply/detail?id=1001057
,신입/경력,LG화학,,2025.11.09 23:00,"1. 제품 분석 수행 : 필름 특성 및 성분 분석
2. 샘플 제조 및 평가 : 물성 측정(CV, DSC, TGA 등)
3. 실험 준비 및 Data 정리 지원

1. OLED 증착기 설비 운영 지원 : 샘플 준비 등
2. OLED 소자 평가
3. 실험 준비 및 Data 정리 지원

1. 제품 물성 측정 : 표면 장력, 코팅 평가 등
2. 고객 대응용 샘플 제조
3. 실험 준비 및 Data 정리 지원",1001056,연구/개발,마곡,"화학, 화공 관련 전공
유관업무 경험 보유
화학, 화공 관련 전공
유관 업무 경험 우대
화학, 화공 관련 전공
유관 업무 경험 우대","서류전형
1차면접
채용검진
최종전형

1) 본 사이트를 통한 접수만 가능합니다. (우편접수, E-mail 접수 및 방문접수는 받지 않습니다.)
2) 각 전형결과 및 통보는 E-mail을 통해 진행되오니, E-mail 주소를 정확하게 기재하여 주시기 바랍니다.
3) 기타 문의사항 발생 시
- 채용관련문의 : LG Careers 1:1 문의
※ E-mail 및 비밀번호 분실 시 “로그인”에서 이메일주소 및 비밀번호 찾기를 통해 확인
※ 공고마감일은 지원 관련 문의가 많아, 이에 대한 답변 및 대응이 늦어질 수 있습니다.
등록마감 이후, 추가 등록 및 수정이 불가하므로 반드시 등록 관련 문의는 마감 3일 전까지 요청 완료하여 주시기 바랍니다.","1) 고등학교 졸업 및 전문학사 학위를 보유하신 분
2) '25년 12월부터 근무 가능하신 분
※ 최종 면접에 합격하신 분은 1년간 계약직으로 근무하시게 됩니다. (평가결과에 따라 계약연장 검토 가능)
3) 해외여행에 결격 사유가 없는 자, 남성의 경우 군필 혹은 면제자
4) 보훈대상자는 관련 법규에 의거 우대합니다.
※ 동시에 진행되는 공고에 중복 지원을 삼가 주시기 바랍니다.
여러 공고에 중복 지원된 경우 회사에서 판단하여 가장 적합한 공고로만 진행하게 될 수 있으니,
A공고 지원 완료 후 더 적합하다고 판단되는 B공고에 지원을 희망하시는 경우 A공고는 지원 취소를 해 주시기 바랍니다.",게시중,[첨단소재] 연구지원 업무 계약직 모집,https://careers.lg.com/apply/detail?id=1001056
,경력,LG CNS,"▣ 문의처
LG Careers 사이트內 [채용문의] → [1:1질문하기]를 이용 바랍니다. (시스템 에러, 비밀번호 분실, 기타 채용 관련 문의)",2025.11.30 23:00,"■ 이런 일을 하시게 될거에요
스마트시티, 모빌리티/교통 사업의 해외 프로젝트 발굴 및 사업 수주활동 역할을 수행하게 됩니다.

■ 이런 일을 하시게 될거에요
차세대 사업 사전준비, PreSales, 제안팀 구성 및 제안, 프로젝트 수행 지원, 고객 대응, 기술 선제안 등을 담당합니다.

■ 이런 일을 하시게 될거에요
은행/카드/캐피탈 기업 고객 대상의 Sales 및 마케팅을 담당합니다.
고객사 IT 사업개발/제안, 협상/계약 관련 업무를 수행합니다.

■ 이런 일을 하시게 될거에요
보험/증권 분야 기업 고객 대상의 Sales 및 마케팅을 담당합니다.
고객사 IT 사업개발/제안, 협상/계약 관련 업무를 수행합니다.

■ 이런 일을 하시게 될거에요
공공 분야(정부, 공기업, 준정부기관 등) 기업 고객 대상으로 IT 사업개발/제안, 협상/계약 관련 업무를 수행합니다.",1001052,영업/마케팅,마곡 본사,"■ 이런 경험이 있으면 더 좋아요
국내/해외 PPP, BOT 프로젝트 발굴, 수주, 계약 경험이 있으신 분
EDCF, Worldbank, ADB, EBRD 등 차관 해외사업 경험이 있으신 분
스마트시티/교통/Maas 분야 종사 경험이 있으신 분
미국 공공조달 사업 경험이 있으신 분
도시공학, 교통 전공하신 분

■ 이런 경험이 있으면 더 좋아요
영어 활용 능력이 우수하신 분
은행 인프라 분야의 전문가

■ 이런 경험이 있으면 더 좋아요
금융 분야 대형 SI(차세대) 사업 수주 경험이 있으신 분
AX/DX 영역의 IT 사업 수주 경험이 있으신 분
AX 사업 관련 기술 영업을 할 수 있는 역량을 보유하신 분

■ 이런 경험이 있으면 더 좋아요
보험/증권 분야 대형 SI(차세대) 사업 수주 경험이 있으신 분
AX/DX 영역의 IT 사업 수주 경험이 있으신 분
AX 사업 관련 기술 영업을 할 수 있는 역량을 보유하신 분

■ 이런 경험이 있으면 더 좋아요
공공 분야 대형 SI 사업 수주 경험이 있으신 분","▣ 본 공고는 별도의 전형일정 등이 정해지지 않았으며, 접수완료된 지원서를 순차적으로 검토하여 합격/불합격을 안내할 예정입니다.
▣ 공고마감일 이전에 채용이 완료될 경우 본 공고는 종료처리될 수 있습니다.
▣ 면접 전형 합격자를 대상으로 평판조회를 진행할 예정입니다. 별도 알림톡 또는 이메일을 발송 드릴 예정이오니 안내사항에 따라 기간 내 평판조회 진행 부탁드립니다.
▣ 각 단계별 전형결과는 지원서 상에 기재한 이메일로 안내되며, LG그룹 채용사이트(https://careers.lg.com)를 통해 확인하실 수 있습니다.
▣ 외국어 역량과 관련하여 전형단계 중에 별도로 공인어학성적표를 요청할 수 있습니다.
(최근 2년이내의 유효한 공인어학성적을 보유하고 있는 경우 지원서 접수시 해당 공인어학성적을 입력하시기 바랍니다.)
▣ 지원서의 내용이 사실과 다르거나 문서증빙이 불가능할 경우 합격이 취소되거나 전형상의 불이익을 받을 수 있습니다.
지원서 작성시에는 반드시 인적사항을 재확인하셔서 오류가 없도록 해주시기 바랍니다.
▣ 취업보호대상자(보훈대상자/장애인), 기초 생활 수급자 및 차상위 계층은 관련 법규에 의거하여 우대합니다.
▣ 입사지원 관련 구비서류는 최종합격자에 한하여 제출하게 됩니다.","■ 이런 분과 함께 하고 싶어요
스마트시티 및 교통 분야 해외 프로젝트 영업 관련 업무 경험이 있으신 분
3~10년 관련 해외 업무 경험이 있으신 분
영어 활용 역량이 뛰어나신 분
그 외 외국어 능력을 보유하신 분

■ 이런 분과 함께 하고 싶어요
은행 차세대 IT사업 개발 경험이 있으신 분
10년 이상의 은행 IT사업 경험이 있으신 분

■ 이런 분과 함께 하고 싶어요
금융권(은행, 카드, 캐피탈 등) 영업 경험을 보유하신 분
금융권 SI, 인프라, 솔루션 등 IT 영업 경험이 있으신 분
5년 이상의 국내 금융권 영업 경험이 있으신 분

■ 이런 분과 함께 하고 싶어요
보험, 증권 분야 영업 경험을 보유하신 분
보험, 증권분야 SI, 인프라, 솔루션 등 IT 영업 경험이 있으신 분
3년 이상의 국내 금융권 영업 경험이 있으신 분

■ 이런 분과 함께 하고 싶어요
공공 분야 IT 영업 경험이 있으신 분
3년 이상의 공공 분야 영업 경험이 있으신 분",게시중,[LG CNS] 금융/공공분야 사업개발 전문가 모집(경력),https://careers.lg.com/apply/detail?id=1001052
"■ 근무형태는 계약직이며, 처우는 회사 내규에 따라 정해집니다.",신입/경력,LG디스플레이,■ 입사지원 관련문의 : LG커리어스 1:1 질문하기,2025.11.09 23:00,"1) 해외 계약 검토, 협상 지원
2) 해외 법률 issue 자문 제공
3) 소송/중재 등 분쟁 관련 대응
4) 투자, JV 등 프로젝트 지원 및 검토
5) 해외법인 관리 및 법무 지원",1001049,경영지원,LG트윈타워,,"■ 입사지원은 LG그룹 채용 홈페이지(careers.lg.com)를 통한 온라인 지원만 가능하며, e-mail을 통하여 보내주신 이력서는 접수되지 않습니다.
■ 입사지원 관련문의 : LG커리어스 1:1 질문하기

■ 서류전형 → 면접전형/인성검사/채용검진 → 입사
■ 면접전형은 경우에 따라 1차 또는 2차 전형으로 진행될 수 있습니다.
■ 경력이 일정 기간 이상인 경우 평판조회를 진행할 수 있습니다. (대상자 별도 안내)
■ 제출 및 기재한 내용에 허위 사실이 포함되어 있는 경우 입사가 취소될 수 있습니다.
■ 입사지원자께서는 입사지원 시부터 채용전형 전과정에 걸쳐 전·현직 직장의 영업비밀을 침해하는 일이 없도록 각별히 유의하시기 바랍니다.
■ 주의사항
: 지원서 접수 마감 기한에 임박해서는 접속장애가 있을 수 있으니, 마감 전에 미리 지원서를 제출하여 주시기 바랍니다.","1) 영미권 변호사 자격증을 보유자
2) 상급 이상 수준의 한국어 및 영어 커뮤니케이션 가능자(Fluent 이상)
3) 국내외 기업 법무팀 또는 로펌 근무 경력 2년 이상",게시중,법무 Group_해외변호사 모집,https://careers.lg.com/apply/detail?id=1001049
,경력,LG전자,▪ 문의처 : LG Careers 내 1:1 질문하기,2025.11.16 23:00,"▶ 맡게 될 업무를 소개해요
· 산업용/상업용/휴머노이드용 액추에이터 설계 및 부품 개발
· 모터, 드라이버, 엔코더, 브레이크등 구동 부품 모듈화 개발
· 로봇 구동부 기술 향상을 위한 액추에이터 성능 개선
· 액추에이터 수명 개선
▶ 함께 하게 될 팀을 소개해요
· 우리팀은 산업 전반에 사용중인 로봇용 액추에이터 개발을 통해서 세계 최고 수준의 경쟁력을 확보하여 고객에게 가치를 제공하는 조직이에요.
· 우리가 제공하는 고객 가치는 로봇 제품이 경쟁력을 가질 수 있도록 구동용 액추에이터 설계를 담당하고 있습니다.
· LG전자 내 로봇관련 조직과 밀접하게 협업하여 로봇 제품 개발에 참여하고 있으며, 외부 대형 거래선과도 협업을 진행해요.
· 새로운 사업에 대한 열정과 도전의식을 가지는 팀을 구성하여 함께 발전하고 싶은 인재라면 누구든지 환영합니다.
▶ 함께 할 동료의 한마디
· 로봇의 핵심은 액추에이터입니다. 부품이 아니라 솔루션을 만든다는 생각으로 기계, 전기, 제어의 경계를 넘어 함께 고민하고 성장할 수 있습니다.
우리팀은 ""왜?""라는 질문을 두려워하지 않습니다. 열린 조직, 앞서가는 조직에서 함께 역사를 만들어 갑시다.
· 가전제품 기술 Zero Labor 노하우를 넘어 로봇으로 또 다른 혁신의 심장을 뛰게 해봅시다.
· 변화와 도전을 두려워하지 않는 LG전자와 함께 로봇의 핵심부품인 액추에이터를 만들어 갑시다.
· 우리가 만드는 작은 액추에이터 하나가 내일의 휴머노이드와 로봇 산업을 움직입니다. 그 설레는 순간을 함께해요.
· 정밀한 움직임 하나에도 팀의 열정이 담깁니다 로봇을 더 똑똑하게, 더 부드럽게 움직이게 만들고 싶은 당신을 기다립니다.",1001032,연구/개발,창원 LG스마트파크,"▶ 추가로 이런 경험/역량이 있으면 더 좋아요
· 3D CAD 사용 경험
· 영어 및 중국어로 업무 소통 가능","▪ 병역 및 기타사항
- 군필자 또는 면제자에 한함
- 해외 여행에 결격 사유가 없는 경우에 한해 지원 가능합니다.
- 취업 보호 대상자(보훈대상자/장애인)는 관련 법규 등에 의거하여 우대합니다. (향후 관련 증명서 제출 요청 예정)
- 입사지원서 및 채용 전형 과정에서 허위 사실이 발각될 경우는 입사가 취소될 수 있습니다.
▪ 입사지원서의 모든 사항은 정확하게 입력해야 하며, 추후 입력사항이 허위로 판명될 경우에는 입사(합격)가 취소됩니다.
- 지원서 정보 오기입시 이로 인해 불이익을 받을 수도 있음을 사전 안내드리니 지원서 작성에 신중을 기해 주시길 부탁 드립니다.
서류전형
11월
인성 검사
11월~12월
면접전형(1차)
11월~12월
면접전형(2차)
처우 및 검진
▪ 채용 프로세스별 순서 및 일정은 내부사정에 의해 변경될 수 있으며, 전형결과는 LG Careers통해 확인 가능합니다.","▶ 이러한 경험/역량이 있으신 분과 함께 하고 싶어요
· 학위 : 학사 이상 학위 소지자
· 전공 : 기계공학, 메카트로닉스, 제어, 재료공학 관련학과 졸업자
· 경력 기간 : 3년 이상 (아래 경험중 한 가지 이상 포함 必)
: 로봇 액추에이터(모터, 드라이버, 엔코더, 브레이크등) 개발 경험자
: 산업용 로봇/협동 로봇용 구동 모듈 개발 경험자
: 모터/감속기 통합 구조 설계 경험자",게시중,[HS사업본부] 산업/상업/휴머노이드용 액추에이터 개발자 채용	,https://careers.lg.com/apply/detail?id=1001032
,경력,LG전자,▪ 문의처 : LG Careers 내 1:1 질문하기,2025.11.16 23:00,"▶ 맡게 될 업무를 소개해요
· 산업용/상업용/휴머노이드용 감속기 설계 및 부품 개발
· 감속기 산학 프로젝트 관리 및 도면화
· 감속기(유성, 하모닉, 사이클로이드) 기술 동향 파악
· 액추에이터 성능 개선 Idea 발굴
▶ 함께 하게 될 팀을 소개해요
· 우리팀은 산업 전반에 사용중인 로봇용 액추에이터 개발을 통해서 세계 최고 수준의 경쟁력을 확보하여 고객에게 가치를 제공하는 조직이에요.
· 우리가 제공하는 고객 가치는 로봇 제품이 경쟁력을 가질 수 있도록 구동용 액추에이터 설계를 담당하고 있습니다.
· LG전자 내 로봇관련 조직과 밀접하게 협업하여 로봇 제품 개발에 참여하고 있으며, 외부 대형 거래선과도 협업을 진행해요.
· 새로운 사업에 대한 열정과 도전의식을 가지는 팀을 구성하여 함께 발전하고 싶은 인재라면 누구든지 환영합니다.
▶ 함께 할 동료의 한마디
· 로봇의 핵심은 액추에이터입니다. 부품이 아니라 솔루션을 만든다는 생각으로 기계, 전기, 제어의 경계를 넘어 함께 고민하고 성장할 수 있습니다.
우리팀은 ""왜?""라는 질문을 두려워하지 않습니다. 열린 조직, 앞서가는 조직에서 함께 역사를 만들어 갑시다.
· 가전제품 기술 Zero Labor 노하우를 넘어 로봇으로 또 다른 혁신의 심장을 뛰게 해봅시다.
· 변화와 도전을 두려워하지 않는 LG전자와 함께 로봇의 핵심부품인 액추에이터를 만들어 갑시다.",1001031,연구/개발,창원 LG스마트파크,"▶ 추가로 이런 경험/역량이 있으면 더 좋아요
· 3D CAD 사용 경험
. 영어 및 중국어로 업무 소통 가능","서류전형
11월
인성 검사
11월~12월
면접전형(1차)
11월~12월
면접전형(2차)
처우 및 검진
▪ 채용 프로세스별 순서 및 일정은 내부사정에 의해 변경될 수 있으며, 전형결과는 LG Careers통해 확인 가능합니다.","▶ 이러한 경험/역량이 있으신 분과 함께 하고 싶어요
· 학위 : 학사 이상 학위 소지자
· 전공 : 기계공학, 메카트로닉스, 재료공학 관련학과 졸업자
· 경력 기간 : 해당분야 경력 3년 이상 (아래 경험중 한 가지 이상 포함 必) 또는 해당분야 박사 졸업 예정자('26.02)
: 감속기(유성, 사이클로이드, 하모닉) 설계 경험자
: 기어 가공 및 조립 공정 경험자
: 기어 손실 및 성능 평가 경험자",게시중,[HS사업본부] 산업/상업/휴머노이드용 감속기 개발자 채용,https://careers.lg.com/apply/detail?id=1001031
,경력,LG생활건강,"▪ 접수방법 : LG그룹 채용 홈페이지(careers.lg.com) 지원
▪ 채용문의 : LG커리어스 홈페이지 내 1:1질문하기 이용
▪ 지원 마감일은 23시까지 지원 가능합니다.",2025.11.11 23:00,"1) 계약 검토
2) 법률 자문
3) 소송 관리
4) M&A 프로젝트 수행
5) Compliance Risk 관리 등",1001029,경영지원,LG광화문빌딩,"우대 사항
기업 법무 유경험자","전형절차
서류 검토
1차 면접
2차 면접
온라인 인성검사
채용검진","필수 사항
한국변호사 자격",게시중,[LG생활건강] 국내변호사,https://careers.lg.com/apply/detail?id=1001029
,신입,LG에너지솔루션,"① LG Careers Site 內 상단 “채용문의”에서 1:1 질문하기를 통해 문의
② E-mail 및 비밀번호 분실 시 “로그인”에서 이메일주소 및 비밀번호 찾기를 통해 확인
※ 공고마감일은 지원관련 문의가 많아, 이에 대한 답변 및 대응이 늦어질 수 있습니다.",2025.11.06 23:00,"■
이런 일을 합니다
- 배터리 성능시험(충방전) 수행
- 배터리 환경시험(진동,충격,낙하,열충격) 수행
- 배터리 안전성시험 수행
- 시험 모니터링 및 시험 중 issue 대응
- 시험장비 검교정 및 유지보수
- 시험 결과 분석
- 시험장비 유지/안전환경 관리
- 시험 부자재 수급 및 관리
■
참고해주세요
- 입사일로부터 1년간 근무하는 계약직이에요.",1001009,연구/개발,대전기술연구원,"■
이런 분을 선호해요
- 배터리 시험 업무 경험이 있으신 분","서류전형
LG Way Fit Test
통합 면접(채용 검진 포함)
최종전형","1) 고등학교 졸업 또는 전문학사 졸업(예정)자
2) 해외여행에 결격사유가 없는 자, 남성의 경우 군필 혹은 면제자 (전문연구요원 전직 불가)
3) 보훈대상자는 관련 법규에 의거 우대",게시중,[자동차전지] 시스템검증 시험원 계약직 모집,https://careers.lg.com/apply/detail?id=1001009
"기타사항
- 채용형태 : 서비스인턴 (3개월, 채용전환형 인턴)
*근무평가 등 심의 결과에 따라 정규직 채용을 검토합니다.
- 인턴 기간동안 다면적 근무 평가를 위하여 직무, 소속 등이 변경될 수 있습니다.
- 인턴 근무기간 교육훈련비는 전액 회사가 부담합니다.
- 2인 1실 기숙사를 제공합니다. (인턴기간 중 최대 3인 1실)
- 골프클럽/리조트 근무 특성 상 주말근무가 발생할 수 있습니다.",인턴,D&O,"당사 홈페이지(Careers.lg.com) 內 채용 Site에서 On-line 지원
※ 우편접수, e-mail 접수 및 방문접수는 받지 않습니다.",2025.11.11 11:00,"D&O는 고품격 식음서비스를 통해 최적의 F&B업장 이용환경을 조성하는 전문가로 성장할 신입사원(전환형 인턴)을 찾고 있습니다.
D&O와 함께 자신만의 고객가치를 실천해 나가는 보람과 기쁨의 기회를 잡으시길 바랍니다.
■ 업무를 통해 고객가치를 만들어 갑니다.(공통)
: 곤지암리조트와 화담숲, 골프클럽 내에서 운영 중인 식음업장을 방문하는 고객을 대상으로 F&B서비스를 제공합니다.
- 영업준비, 예약, 안내, 주문 및 결제, 위생관리 등 식음업장 제반 업무를 수행합니다.
- 기업행사, 비즈니스 워크샵, VIP방문 등 고객 특성에 따른 맞춤 서비스를 제공합니다.
- 고객 만족도를 파악하고 최고의 경험을 제공할 수 있도록 고객 가치 개선 업무를 수행합니다.
- 기물/소모품/자산관리 등 업장 운영을 지원합니다.
- POS 및 스마트원(사업부 자체 시스템) 등 전산운용 업무를 수행합니다.
■ RE)식음팀을 소개합니다.(리조트)
- D&O 레저사업부 식음팀은 곤지암리조트와 화담숲에 위치한 식음업장에서 근무합니다. 고객에게 각 업장의 특성에 맞는 프리미엄 서비스와 특별한 경험을 제공하기 위해 노력하는 팀입니다.
※ 주요 업장 소개
- 담하 : 정갈하고 깊은 한식의 맛을 경험할 수 있는 한식당 입니다.
- 미라시아 : 아침·점심에는 브런치뷔페를 운영하고 저녁은 화덕피자, 파스타와 시그니처 메뉴인 BBQ플래터 등 가족과 함께 즐길 수 있는 메뉴로 구성된 레스토랑 입니다.
- 카페테리아 : 한·중·양식을 모두 맛볼 수 있는 푸드코트로 실내 카페와 함께 고객들에게 쉼터 역할을 톡톡히 하고 있습니다.
- 연회장 : 다양한 규모의 세미나실을 보유하여 기업 및 단체 고객의 연회 행사를 담당합니다. 객실 룸서비스로 투숙객 대상 메뉴 배달 / 포장 서비스 또한 제공합니다.
이외에도 느티나무BBQ, 포레스트릿, 번지없는 주막, 힐링식당, 스타트하우스 등 다양한 식음업장을 운영 중입니다.
리조트의 영업장을 더 자세히 알고싶다면 '곤지암리조트 홈페이지'를 방문해보세요.
(곤지암리조트 홈페이지 : https://www.konjiamresort.co.kr/)
■ GC)식음팀을 소개합니다.(골프클럽)
- D&O 레저사업부 GC)식음팀은 곤지암GC(골프클럽)에 위치한 식음업장에서 근무합니다. 곤지암GC는 국내에서 저명한 VIP 회원제 명문 골프장으로 최고의 서비스를 제공하고 있습니다. 그 외에도 LG그룹 주관의 식음행사를 지원하고 있습니다.
※ 주요 업장 소개
- 클럽하우스 : 라운딩 전/후로 이용하는 메인 공간인 클럽하우스에서는 고품격 서비스를 제공하는 식음업장이 구비되어 있습니다.
- 스타트하우스/그늘집 : 라운딩 시작과 도중에 휴식을 취할 수 있는 식음업장입니다.
- 라그로타 : 곤지암리조트에 위치한 국내 유일의 천연 동굴에서 숙성하는 와인과 함께 이탈리안 음식을 제공하는 식음업장입니다.
■ 배움과 성장의 즐거움을 함께합니다.(공통)
- 서비스 전문가로 성장할 수 있도록 커피, 와인, 전통주 등 F&B서비스 분야의 사내/외 교육기회를 제공합니다.
- 미슐랭 파인다이닝 및 호텔/리조트 동종사 벤치마킹, F&B 관련 박람회 참석을 통한 업계 트렌드 정보 파악의 기회가 열려 있습니다.
- 시즌별 판매현황, 고객군 분석, 식음 트렌드 등 다양한 주제를 협의하고 함께 학습합니다.",1001001,부동산/레저,곤지암리조트/GC,"■ 이런 경험과 역량을 가지신 분이면 더 좋습니다.
- 관련 학과를 전공하신 분 (관광, 항공서비스, 비서, 호텔경영 등)
- 관련 자격증을 보유하신 분 (와인, 커피, CS관리사 자격증 등)
- 고객가치를 실현하고자 하는 분
- 업무를 적극적으로 리드하는 주도적인 마인드를 가진 분
- F&B전문가로 성장하기 위해 노력하고 역량개발에 힘쓰는 분","지원 자격 및 절차
지원자격
- 2년제 대학 이상 졸업자 및 졸업예정자 (졸업예정·유예자는 2025년 12월 입사 가능자 한정)
- 전공 및 경력 무관
- 해외여행에 결격사유가 없으신 분
- 남자의 경우, 병역필 또는 면제자
- 보훈/장애인 취업지원 대상자는 관련 법규에 의거하여 우대
전형절차
서류전형
~11/11
AI영상면접
11/15~17
1차면접
11월 말
채용검진
11월 말
※ 전형 일정은 변경될 수 있습니다. (예상 입사시기 : 12월 초)
- 1차 면접 이후 채용 검진을 실시하며 검진 결과에 따라 입사가 취소될 수 있습니다.
- 전형 결과는 메일과 문자를 통해 안내하며, 채용 홈페이지를 통해 확인할 수 있습니다.","■ 이런 분에게 열려 있는 기회입니다.
- 원활한 소통과 협업이 가능하신 분
- 고객가치를 최우선으로 생각하는 분",게시중,[레저] '25년 곤지암리조트/GC 하반기 식음서비스 직무 채용연계형 인턴 수시채용,https://careers.lg.com/apply/detail?id=1001001
"■ 기타사항
- 본 공고는 D&O CM 미국 법인 현지 채용으로 국내 D&O, D&O CM 본사의 직접 고용이 아닙니다.
- 근무형태 : 정규직
- 근무지 : 미국 미시간주 트로이 (Troy, State of Michigan, United States)
- 근무시작일 : '26년 1월
- 면접 전형은 총 1회 진행하며, 인적성 검사는 실시하지 않습니다.
- 입사 지원서는 모든 사항을 정확하게 입력해야 하며, 추후 입력사항이 허위로 판명될 경우에는 합격을 취소할 수 있습니다.
- 전형 결과는 메일을 통해 안내합니다.",신입,D&O,▶ recruit@dnocorp.com,2025.10.21 09:00,"■ 입사하면 무슨 일을 하나요?
- 외부 법무법인 변호사와 협업하여 현장 직원의 비자를 관리합니다.
- 현장과 원활하게 소통하며 외부 변호사와 협업하여 프로젝트 계약을 검토/관리합니다.
- 사무실, 숙소, 차량 등 사무환경과 자산/소모품을 관리합니다.
- 숙소, 차량, 장소 예약 등 출장자 지원 업무를 수행합니다.",1000992,경영지원,"미국 미시간주 트로이 (Troy, State of Michigan, United States)","■ 이런 경험과 역량을 가지신 분이면 더 좋습니다.
- 미국 현지에 위치한 한국 기업에서 인턴십 경험이 있으신 분
- MS-office 능숙자 (Excel, Power point, Word)
- 유관부서와의 원활한 소통과 협업 역량, 성실함을 갖추신 분","전형절차
서류검토
1차면접
- 입사지원서는 모든 사항을 정확하게 입력해야 하며, 추후 입력사항이 허위로 판명될 경우에는 입사(합격)를 취소할 수 있습니다.
- 1차 면접 이후 채용 검진을 실시하며 검진 결과에 따라 입사가 취소될 수 있습니다.
- 전형 결과는 메일과 문자를 통해 안내하며, 채용 홈페이지를 통해 확인할 수 있습니다.","■ 이런 분에게 열려있는 기회입니다.
- 학력 : 2년제 이상 졸업자 및 졸업예정자
- 전공 : 전공 무관 (상경계열 우대)
- 어학 : 영어 능통자
- 미국 현지 근무에 결격사유가 없는 자 / 남자의 경우, 병역필 또는 면제자
※ 합격 후 미국 비자 발급 중 문제가 발생하여 미국 현지 근무가 불가한 경우 채용이 취소될 수 있습니다.",게시중,"[D&O CM] 미국 현지 채용 - 총무 신입사원 (이메일 접수, ~11/10까지) ",https://careers.lg.com/apply/detail?id=1000992
,경력,LG에너지솔루션,"① LG Careers Site 內 상단 “채용문의”에서 1:1 질문하기를 통해 문의
② E-mail 및 비밀번호 분실 시 “로그인”에서 이메일주소 및 비밀번호 찾기를 통해 확인
※ 공고마감일은 지원관련 문의가 많아, 이에 대한 답변 및 대응이 늦어질 수 있습니다.",2025.11.05 23:00,"■ 직무에 대해 소개드려요.
고객 요구사항을 이해하고, 제품의 시스템에 요구되는 기능 요구사항을 개발 프로세스에 따라 임베디드 SW로 구현함
■ 이런 일을 합니다.­
-고객 요구사항 분석 & SW architecture 개발
-Matlab Simulink 을 이용한 Applicaiton SW 개발
-AUTOSAR 기반의 Basic SW 개발
※ 직무면접 Tool : PT면접",1000981,연구/개발,대전기술연구원,"-AUTOSAR 기반 개발 경험
-Automotive SPICE/ISO26262 경험
-차량  ECU 개발 경험","서류전형
LG Way Fit Test 및 영어 Oral Test
1차 면접(직무면접 포함)
2차 면접(채용 검진 및 평판조회 포함)
최종전형","1) 경력기간 (지원서 작성 시점 기준)
- 학사 : 만 36개월 이상
- 석사 : 만 12개월 이상
- 박사 : 경력기간 제한 없음. (기 졸업자 또는 '26년 2월 졸업예정자 지원 가능)
※ 학위기간(재학) 중의 경력은 기간에 산입하지 않음
※ 모집분야 상세내역에 있는 필수요건이 우선임
2) 해외여행에 결격사유가 없는 자, 남성의 경우 군필 혹은 면제자 (전문연구요원 전직 불가)
3) 보훈대상자는 관련 법규에 의거 우대합니다.",게시중,[CTO] BMS SW 개발 경력 모집,https://careers.lg.com/apply/detail?id=1000981
,경력,LG유플러스,"- 지원 방법 : LG Careers (careers.lg.com)을 통한 온라인 접수만 가능 (E-Mail 및 우편/방문접수 불가)
- 관련 문의 : LG Careers (careers.lg.com) 내 '채용문의' - '1:1질문하기'를 이용해주시기 바랍니다.",2026.03.31 23:00,"프로젝트이행팀은 기업부문에서 수주한 통신서비스 구축 사업을 총괄하여 이행하는 역할을 수행하고 있으며, 품질(Q)/비용©/납기(D) 준수를 목표로 업무를 수행하고 있습니다. 최근에는 Digitalization 분야인 AI, Cloud, Digital Twin, Big Data 분야 사업에 대한 참여를 확대하고 있습니다.
■ 우리 조직에서 하고 있는 일(주요 R&R)
- 수주 프로젝트 수행
- 통신 서비스 구축 프로젝트 수행
- 사업 품질 확보를 위한 PMO 활동 수행
■ 수행 업무
- 통신망 구축 사업 이행 업무
- 프로젝트 계획수립 및 변경관리
- 프로젝트 이슈 및 리스크 관리
- 프로젝트 전체 공정 및 품질 관리
- 이해관계자와(고객,컨소시엄,협력사) 요구사항 조율 및 해결
■ 필요 경험/경력
- SI, NI 사업 이행 PM 경험 보유자
- 관련 직무 경력기간 5년 이상(필수)
■ 필요역량
- 프로젝트 관리 역량
- 통신, NW 및 고객 인프라에 대한 기술적인 이해
- 보고서 및 산출물 등 문서 작성 역량
- 리스크 및 이슈 발굴 및 문제 해결 역량",1000973,경영지원,전국,"정보통신 및 IT 관련 학과 졸업(우대)
정보통신기술자 고급 이상 및 PMP 보유자","서류전형
인성검사
1차면접
2차면접
평판조회/처우협의
채용검진
입사","- 지원자격은 상세내역 참고
- 해외여행 및 건강상 결격사유가 없는 자
- 남성의 경우 병역필 또는 면제자",게시중, [기업부문] 프로젝트 이행 PM 상시 인재 Pool,https://careers.lg.com/apply/detail?id=1000973
,신입/경력,비즈테크아이,"- LG Careers 사이트 內 [채용문의] → [1:1질문하기]를 이용 바랍니다. (시스템 에러, 비밀번호 분실, 기타 채용 관련",2025.12.31 18:00,"본 공고는 상시 인재풀 등록을 위한 공고입니다.
등록된 이력서는 인사팀에서 상시로 검토를 진행하며, 서류 전형 합격하신 분들께 개별적으로 안내드립니다.
인재
Pool
등록을 통해 저희와 함께 새로운 기회를 경험해보세요
! 🌟
여러분의 열정과 역량을 기다리고 있습니다.
※ 추천을 통한 지원인 경우 반드시 지원경로와 추천인 성함을 기재해주세요 ※",1000948,연구/개발,본사(상암) 및 프로젝트 위치,"비즈테크아이와 함께 성장하고자 하는 의지와 목표가 분명하신 분
지원 분야에서
2
년 이상 실무 역량을 갖추신 분","서류 검토
수시
LG Way Fit Test
면접
처우 제안
채용 검진
■ 본 공고는 별도의 전형 일정 등이 정해지지 않았으며, 접수 완료된 지원서를 순차적으로 검토하여 합격/불합격을 안내할 예정입니다.
■ 각 단계별 전형 결과는 지원서 상에 기재한 이메일로 안내되며, LG그룹 채용 사이트(https://careers.lg.com)를 통해 확인하실 수 있습니다.","■ 해외여행에 결격사유가 없는 분만 지원 가능합니다.
■ 남자는 병역필 또는 병역 면제인 경우에만 지원 가능합니다.
(병역특례 신규편입 및 전직은 지원이 불가능합니다.)
※ 해당 공고는 상시채용을 위한 인재Pool로 활용되며, 별도의 마감 일정이나 전형 일정, 세부 지원자격 등이 없습니다.",게시중,[비즈테크아이] 상시 인재 채용 (인재 Pool),https://careers.lg.com/apply/detail?id=1000948
,신입,LG에너지솔루션,,2025.11.11 23:00,"■
이런 일을 합니다
- 장비 일상점검 및 시험실 3정5S
- 배터리 성능/안전성/환경시험 수행
- 시험 Data 일상점검
- 시험장비 검교정 및 유지보수
- 시험 부자재 구매 및 기자재 관리
■
참고해주세요
- 입사 일로부터 1년간 근무하는 계약직이에요.
- 평가에 따라 1년 연장이 가능하며, 최대 2년까지 근무 가능해요",1000935,생산/품질,오창에너지플랜트,"■
이런 분을 선호해요
- 시험장비/계측기 운영 경험 또는 특성 이해 역량이 있으신 분
- 중량물, 고전압 위험물인 배터리 팩 취급 가능한 산업안전 지식이 있고, 신체 건강하신 분
- 시험/측정 업무 경험, 지식이 있으신 분
- 기계/전기전자 전공하신 분
- 외국어(영어) 활용이 가능하신 분","전형절차
서류전형
LG Way Fit Test
통합 면접(채용 검진 포함)
최종전형
제출방법
1) 본 사이트를 통한 접수만 가능합니다. (우편접수, E-mail 접수 및 방문접수는 받지 않습니다.)
2) 각 전형결과 및 통보는 E-mail을 통해 진행되오니, E-mail 주소를 정확하게 기재하여 주시기 바랍니다.
3) 동일 기간 동안 LG에너지솔루션 채용 공고에 중복 지원은 불가합니다.
LG에너지솔루션 채용 공고 전형 진행 중인 지원자의 경우 전형 단계에서 불합격한 이후 다른 공고에 지원이 가능합니다.
4) 기타 문의사항 발생 시
① LG Careers Site 內 상단 “채용문의”에서 1:1 질문하기를 통해 문의
② E-mail 및 비밀번호 분실 시 “로그인”에서 이메일주소 및 비밀번호 찾기를 통해 확인
※ 공고마감일은 지원관련 문의가 많아, 이에 대한 답변 및 대응이 늦어질 수 있습니다.
등록마감 이후, 추가 등록 및 수정이 불가하므로 반드시 등록 관련 문의는 마감 3일 전까지 요청완료하여 주시기 바랍니다.","지원자격
1) 전문대학 졸업 또는 졸업 예정자(26.02)
2) 해외여행에 결격사유가 없는 자, 남성의 경우 군필 혹은 면제자 (전문연구요원 전직 불가)
3) 보훈대상자는 관련 법규에 의거 우대",게시중,[CQO] 품질시험원 계약직 모집,https://careers.lg.com/apply/detail?id=1000935
,경력,LG CNS,"▣ 문의처
LG Careers 사이트內 [채용문의] → [1:1질문하기]를 이용 바랍니다. (시스템 에러, 비밀번호 분실, 기타 채용 관련 문의)",2025.11.30 23:00,"■ 이런 일을 하시게 될거에요
- UX 영역 PL역할로 프로젝트 리딩
- 커머스 프로젝트에 대한 인사이트를 바탕으로 사용자 관점의 서비스를 구현하는 역할
- PC, Mobile, 대화형서비스 등 다양한 사용자 환경에 대응하는 UX 설계",1000932,IT서비스,마곡,"■ 이런 경험/역량이 있으면 더 좋아요
- 커머스기획/운영 경험이 있으신 분
- 장기/대규모 프로젝트에 대한 UX PL 경험이 있으신 분
- 고객행동 데이터를 기반으로 사용성 개선 경험이 있으신 분
- 진화하는 기술/디자인 트렌드에 대해서 지속적으로 학습하시는 분","전형절차
서류전형
인성 검사
One Day Interview
평판조회
처우협의
채용 검진","■ 이런 분과 함께 하고 싶어요
- UX/UI 경력을 10년 이상 보유하신 분
- 글로벌플랫폼, 커머스 영역을 경험하신 분
- 유통/커머스 영역 B2C 서비스 구축(SI) 사업에서 UX PL 경험을 3회 이상 보유하신 분
- 자사, 자회사, 협렵업체 및 외부자원 활용을 통해 UX업무를 책임있게 완결할 수 있는 분
- 사용자 관점으로 서비스를 디자인하고 개선해나갈 수 있으신 분
- 디자인시스템을 이해하고 라이브러리를 이용해 와이어프레임을 만드실 수 있는 분
- 디자인 툴을 활용한 프로토타이핑 제작 가능하신 분
- 디자인팀, 개발팀 및 타 파트와의 원활한 커뮤니케이션 능력을 보유하신 분
- 웹 및 App(안드로이드, iOS) 환경에 대한 이해력이 높으신 분",게시중,[LG CNS] UX/UI 디자인 분야 모집(경력),https://careers.lg.com/apply/detail?id=1000932
,인턴,LG CNS,"지원은 LG그룹 채용 홈페이지(careers.lg.com)에서 가능
- LG Careers > 문의하기 > 1:1 문의하기를 통해 문의",2026.01.02 18:00,"■ 우리는 이런 일을 해요!
- 최신 AI/딥러닝 알고리즘을 분석 및 검증하여 경량화, 최적화하는 일을 수행합니다.
- 고객사 비즈니스 환경에 적합한 AI 모델을 설계하고 구축/운영합니다.
- 기존 머신러닝, 딥러닝 뿐만 아니라 생성형AI를 활용한 적용 시나리오 발굴, 사업개발, 프로젝트 수행의 역할을 하고 있습니다.
- 데이터, AI, 클라우드 등의 기술을 접목시킨 언어 AI 서비스를 제공합니다. (AI 챗봇, AI Contact Center 서비스 등)
- 현장의 기업형 생성형 AI를 위한 LLM 튜닝, 자연어 검색기능, 자연어 이해기능, Prompt Engineering 등에 대한 연구개발을 수행합니다.
- 시각 AI 영역에서는 생산 및 물류 공정의 AI Vision 서비스를 통해 불량률 감소 및 물류 분류 효율성 개선에 기여하고 있습니다.
- 이미지/비디오 차별화된 생성형 AI 기술을 확보하고, 기업형 Contents 제작을 위한 Image Generation AI 모델을 만드는 것을 목표로 합니다.
■ 역량 있는 여러분의 지원을 기다립니다.
- AI 연구 및 실무 경험을 가지고 계신 분
- 딥러닝, 머신러닝에 대해 이해하고 있고, 유관 전공 및 프로젝트 경험을 보유하신 분
- AI기술을 직접 현장에 적용해보고 싶은 분
- 텍스트/비전 데이터 전처리, 모델링, 최적화 역량을 갖춘 분
- 프롬프트 엔지니어링을 통해 LLM(초거대언어모델)을 활용해 본 경험이 있는 분",1000834,IT서비스,서울,IT 기본 역량 보유자는 누구나 지원 가능 (전공 무관),"서류 전형
인적성 검사
1차 면접
2차 면접
인턴십
- 전형 단계별 순서 및 일정은 내부 사정에 의해 변경될 수 있으며, 전형 결과는 LG Careers를 통해 확인하실 수 있습니다.
- 본 전형은 인턴 기간 (1개월) 이후 계약직 근무(1년)를 거쳐 정규직 전환 평가가 진행됩니다.
- 본 공고는 학사 이상 외국 국적의 인재들을 위한 상시 인재 등록 시스템 입니다.
- 채용 수요 발생 시, 해당 포지션에 적합한 분께 개별 연락을 통해 전형 절차를 안내드릴 예정입니다.
※ 상시 인재등록 시스템에 등록하셨더라도 개별 채용 공고에 자동으로 지원되지 않습니다.
관심 있는 타 채용공고가 게시된 경우, 공고에 별도 지원 부탁드립니다.",한국에서 근무 가능한 비자 발급에 결격 사유가 없는 외국인,게시중,[인턴] LG CNS Global Internship(외국인) 상시 인재 등록 공고,https://careers.lg.com/apply/detail?id=1000834
,경력,LG CNS,"LG Careers 사이트內 [채용문의] → [1:1질문하기]를 이용 바랍니다. (시스템 에러, 비밀번호 분실, 기타 채용 관련 문의)",2025.11.30 23:00,"■ 이런 일을 하시게 될 거에요
클라우드 인프라 사업 개발 BD(Business Development)
Private/Public Cloud, AOS(통합유지보수) 사업기회 발굴, 사업화, 제안",1000777,IT서비스,상암,"■ 이런 경험이 있으면 더 좋아요
인프라 사업 수수를 위한 제안/견적/입찰/계약 경험이 있으신 분
영업 또는 기술로 IT인프라 구축 또는 유지보수 프로젝트 경험이 있으신 분
인프라(서버/스토리지/네트워크)에 대한 Global 벤더 자격증이 있으신 분
IT인프라 및 주요 벤더 솔루션(IBM, HP, 오라클, Cisco 등) 제품의 Pre-sales 경험이 있으신 분
IT인프라 수출 등 해외 사업 경험해보신 분","▣ 본 공고는 별도의 전형일정 등이 정해지지 않았으며, 접수완료된 지원서를 순차적으로 검토하여 합격/불합격을 안내할 예정입니다.
▣ 공고마감일 이전에 채용이 완료될 경우 본 공고는 종료처리될 수 있습니다.
▣ 면접 전형 합격자를 대상으로 평판조회를 진행할 예정입니다. 별도 알림톡 또는 이메일을 발송 드릴 예정이오니 안내사항에 따라 기간 내 평판조회 진행 부탁드립니다.
▣ 각 단계별 전형결과는 지원서 상에 기재한 이메일로 안내되며, LG그룹 채용사이트(https://careers.lg.com)를 통해 확인하실 수 있습니다.
▣ 외국어 역량과 관련하여 전형단계 중에 별도로 공인어학성적표를 요청할 수 있습니다.
(최근 2년이내의 유효한 공인어학성적을 보유하고 있는 경우 지원서 접수시 해당 공인어학성적을 입력하시기 바랍니다.)
▣ 지원서의 내용이 사실과 다르거나 문서증빙이 불가능할 경우 합격이 취소되거나 전형상의 불이익을 받을 수 있습니다.
지원서 작성시에는 반드시 인적사항을 재확인하셔서 오류가 없도록 해주시기 바랍니다.
▣ 취업보호대상자(보훈대상자/장애인), 기초 생활 수급자 및 차상위 계층은 관련 법규에 의거하여 우대합니다.
▣ 입사지원 관련 구비서류는 최종합격자에 한하여 제출하게 됩니다.","■ 이런 분과 함께 하고 싶어요
고객/벤더/파트너 등 뛰어난 의사소통 역량을 보유하신 분
사업가 역량을 바탕으로 인프라 사업 발굴 및 사업화 역량을 갖추신 분
서버, 스토리지, 네트워크, 백업, 가상화 등 인프라 전반의 기초 지식을 보유하신 분
해외 사업을 위한 영어 Communication 역량을 보유하신 분",게시중,[LG CNS] 클라우드 인프라 사업 개발 분야 모집(경력),https://careers.lg.com/apply/detail?id=1000777
,경력,비즈테크아이,"- LG Careers 사이트 內 [채용문의] → [1:1질문하기]를 이용 바랍니다. (시스템 에러, 비밀번호 분실, 기타 채용 관련 문의)",2025.12.31 18:00,"담당업무
(SAP SM 운영, 물류 컨설턴트)
SAP 각 모듈별로 운영 업무를 담당하게 됩니다.
- CO, FI, SD, MM, PP, BC, HR, LO, eWM, TM, I/F
(BW/BI 컨설턴트)
SAP 기반 데이터 웨어하우스 및 비즈니스 인텔리전스 솔루션의 구축과 운영을 담당하게 됩니다.
주요 업무 영역은 SAP BW/4HANA 시스템의 구현 및 운영, SAP Datasphere 플랫폼을 활용한 프로젝트 수행, SAP BI 프로젝트의 수행   및 리딩 등입니다.",1000774,연구/개발,서울,"(SAP SM 운영, 물류 컨설턴트)
Project Manager / Project Leader 경험자
SI Project 경험자
인터페이스 운영 경험
(BW/BI 컨설턴트)
BPC 경험 우대
Datasphere 스킬 보유자 우대","전형절차
서류 검토
수시
LG Way Fit Test
이전 전형 합격자 대상 별도 안내
면접
이전 전형 합격자 대상 별도 안내
채용검진
이전 전형 합격자 대상 별도 안내
처우제안
이전 전형 합격자 대상 별도 안내
■ 본 공고는 별도의 전형 일정 등이 정해지지 않았으며, 접수 완료된 지원서를 순차적으로 검토하여 합격/불합격을 안내할 예정입니다.
■ 각 단계별 전형 결과는 지원서 상에 기재한 이메일로 안내되며, LG그룹 채용 사이트(https://careers.lg.com)를 통해 확인하실 수 있습니다","필수 사항
학력 :  4년제 정규대학 학사학위 취득
경력 :  SM 운영 및 물류컨설턴트 모듈별 관련 업무 경력 3년 이상
BW/BI 분야 경력 10년 이상",게시중,[비즈테크아이] ERP SAP  상시  채용 ,https://careers.lg.com/apply/detail?id=1000774
,신입/경력,하이케어솔루션,,2025.12.31 18:00,사무소장,1000722,고객서비스,전사,,,"필수 사항
케어솔루션 팀장",게시중,[하이케어솔루션] 2025년 별도 지원자 입력용_사무소장 후보자 인터뷰,https://careers.lg.com/apply/detail?id=1000722
,신입/경력,LG화학,"채용관련문의 : LG Careers - 나의정보관리 - 문의내역 - ""1:1질문하기""를 통해 문의",2026.12.31 18:00,"LG화학에서 함께 성장하고자 하는 분들을 위한 상시 인재 등록 공고입니다.
전 직무와 전 사업장에서 채용 Needs가 발생 시 상시 인재 Pool에서 우선 검토하여 연락드릴 예정입니다.
LG화학 상시 인재 Pool에 등록을 희망하시는 분께서는 등록해 주시기 바랍니다.
-. LG화학 상시 인재 등록을 위한 공고로 R&D 외 직무를 대상으로 합니다.
-. R&D 직무의 상시 인재 등록을 희망하시는 분께서는 아래의 공고에 등록하여 주시기 바랍니다.
“[상시접수] LG화학 R&D 인재등록 공고 (국내 학위)” 또는 “[상시접수] LG화학 R&D 인재등록 공고 (해외 학위)""
-. 상시 인재 공고에 등록하였더라도 개별 채용공고에 자동으로 지원되지 않기 때문에,
관심 직무의 채용 공고가 게시된 경우 상시 인재 등록과 별개로 개별 공고에 지원하여 주시기 바랍니다.",1000486,생산/품질,"서울(트윈), 마곡R&D캠퍼스 (LG사이언스파크), 대전기술연구원, 여수공장, 대산공장, 당진공장, 청주/오창공장, 익산공장, 오송공장, 나주공장, 김천공장, 오산CS캠퍼스",-,"서류전형
LG Way Fit Test
1차 면접
2차 면접
처우 제안
채용검진
최종 전형","■ 공통 지원자격
1) 학사 학위 이상 보유하신 분
2) 희망 직무와 연관된 학위 또는 경력을 보유하신 분
3) 해외 여행에 결격 사유가 없어야 하며, 남성의 경우 병역필 또는 면제이신 분
※ 취업 보호 대상자(국가보훈대상자 및 장애인)은 관련법규에 의거 우대",게시중,[상시접수] LG화학 상시 인재등록 공고 (R&D 외 직무),https://careers.lg.com/apply/detail?id=1000486
,신입/경력,LG CNS,LG Careers > LG CNS 채널 > 1:1문의하기 활용,2025.12.31 23:00,"아래 지원 분야 중 2지망까지 선택하여 자기소개서 항목에 기재해 주세요.
(하단 이미지 참조)
AI / Cloud / Consulting / Smart Factory / Data / Digital Marketing / Smart Logistics / Smart City / Security",1000409,IT서비스,서울,지원 분야 관련 프로젝트/업무 경험 우대,"서류접수
1차 면접
2차 면접
처우 협의
- 본 공고는 해외 석박사 학위 이상 보유하신 분들을 위한 LG CNS 상시 인재등록 시스템입니다.
- 채용 수요 발생 시, 해당 포지션에 적합한 분께 개별 연락을 통해 전형 절차를 안내드릴 예정입니다.
※ 상시 인재등록 시스템에 등록하셨더라도, 개별 채용공고에 자동으로 지원되지 않습니다.
관심 있는 채용공고가 게시된 경우, 해당 공고에 별도로 지원해 주셔야 합니다.","■ 지원자격
★ LG CNS 상시 인재 Pool 등록을 희망하시는 분
① 해외 대학 석/박사/Postdoc 재학 또는 졸업(예정)자
② IT 기본 역량 보유자는 누구나 지원 가능 (전공무관)
③ 지원분야와 유관 업무 경력 보유한 경우, 2차 면접 합격자에 한하여 사회경력 인정여부 검토 예정
④ 남성의 경우, 병역필 또는 면제자
⑤ 해외여행에 결격사유가 없는 자",게시중,[LG CNS] Global 해외 석박사 AX 인재 상시 등록 공고,https://careers.lg.com/apply/detail?id=1000409
,신입/경력,LG화학,기타 문의사항 발생 시 LG화학 채용담당자 (kjy_jin@lgchem.com)에게 메일주시기 바랍니다.,2025.12.31 23:00,"상세 내용
연구개발",1000336,연구/개발,"LG사이언스파크(마곡), 기술연구원(대전)",,"전형절차
서류전형
1차 면접
2차 면접
최종 전형
- 본 공고는 해외 이공계 대학원을 재학중이거나 졸업하신 분들을 위한 LG화학 R&D 상시 인재등록 시스템 입니다.
*국내 대학원 재학/졸업자이신 경우, 국내 R&D 인재등록 시스템을 확인하여 주시기 바랍니다.
- 채용 Needs 발생 시 해당 Position에 적합한 분께 개별 연락을 통해 전형을 안내드릴 예정입니다.
※ 상시 인재등록 시스템에 등록하였더라도 개별 채용공고에 자동으로 지원되지 않기 때문에,
관심 채용공고가 게시되었다면 상시 인재등록 시스템과 별개로 개별공고에 지원하셔야 합니다.","지원자격
- 해외 이공계 대학원 석/박사, Post doc. 재학중이시거나 졸업하신 분
- LG화학 상시 인재 Pool에 등록을 희망하시는 분
※ 국내 대학원 재학/졸업자의 경우 국내 R&D 인재등록 시스템에 등록하여 주시기 바랍니다.",게시중,[상시접수] LG화학 R&D 인재등록 공고 (해외 학위),https://careers.lg.com/apply/detail?id=1000336
,신입/경력,LG화학,LG화학 채용담당자 (kjy_jin@lgchem.com),2025.12.31 23:00,연구개발,1000321,연구/개발,"LG사이언스파크(마곡), 기술연구원(대전)",,"서류전형
1차 면접
2차 면접
최종 전형
- 본 공고는 국내 이공계 대학원을 재학중이거나 졸업하신 분들을 위한 LG화학 R&D 상시 인재등록 시스템 입니다.
*해외 대학원 재학/졸업자이신 경우, 해외 R&D 인재등록 시스템을 확인하여 주시기 바랍니다.
- 채용 Needs 발생 시 해당 Position에 적합한 분께 개별 연락을 통해 전형을 안내드릴 예정입니다.
※ 상시 인재등록 시스템에 등록하였더라도 개별 채용공고에 자동으로 지원되지 않기 때문에,
관심 채용공고가 게시되었다면 상시 인재등록 시스템과 별개로 개별공고에 지원하셔야 합니다.","- 국내 이공계 대학원 석/박사, Post doc. 재학중이시거나 졸업하신 분
- LG화학 상시 인재 Pool에 등록을 희망하시는 분
※ 해외 대학원 재학/졸업자의 경우 해외 R&D 인재등록 시스템에 등록하여 주시기 바랍니다.",게시중,[상시접수] LG화학 R&D 인재등록 공고 (국내 학위),https://careers.lg.com/apply/detail?id=1000321
,경력,LG CNS,"LG Careers 사이트內 [채용문의] → [1:1질문하기]를 이용 바랍니다. (시스템 에러, 비밀번호 분실, 기타 채용 관련 문의)",2025.11.30 23:00,"■ 이런 일을 하시게 될거에요
AI 보안 서비스 오퍼링 개발 및 제안/이행
AI RED 수행 역량 확보 및 제안/이행
보안솔루션 운영
보안 관제/사고 대응
보안 아키텍처/솔루션 분석 및  개선 제안
출입통제 단말기 등 물리보안 하드웨어 설계
물리보안/융합보안 시스템 설계 및 구축
보안 신기술 영역(제로트러스트 등)에서의 PM 역할 수행
대기업 계열사 대상 IT보안 솔루션/서비스 제안, 수주, 고객사 이슈 대응, 신규 사업 기회 발굴
물리보안 사업 기회 발굴, 고객사 대상 제안, 신규 서비스 기획 및 수주
EDR 기반 엔드포인트 위협 탐지 및 분석
실시간 보안 이벤트 모니터링 및 이상 행위 식별
EDR 탐지 룰셋 최적화 및 튜닝
EDR 기반 위협 헌팅 및 리포트 작성
EDR 솔루션 운영",1000319,IT서비스,본사,"■ 이런 경험이 있으면 더 좋아요
서비스 기획/개발 경험
적대적 공격 등 구체적인 AI보안 기법에 대한 심화 연구/개발 경험
보안 아키텍처 설계 및 구축 경험
보안 인증 경험자(ISMS-P, ISO 27001 등)
취약점 점검, 모의해킹, 보안 컨설팅 경험
RF(WIFI/BT/NFC) 설계 경험
AI 및 안전/보안 관련 프로젝트 경험
네트워크 장비 및 장치 개발 경험
보안 업무에 대한 프로젝트 PM 경험
복수 EDR 솔루션 운용 경험: 예시 Carbon Black + MDE 동시 경험
디지털 포렌식 경험: 메모리/디스크 분석, 침해사고 원인 규명
자동화/스크립팅 활용 능력: Python, PowerShell, Bash 등으로 로그 분석·탐지 자동화 경험
클라우드 보안 경험: 클라우드 환경에서의 보안 관제 경험
외국어 능력: 글로벌 보안 위협 인텔리전스 리포트 이해 가능 수준
대외 커뮤니케이션 역량: 고객사 대응, 보안 사고 리포트 작성 경험","▣ 본 공고는 별도의 전형일정 등이 정해지지 않았으며, 접수완료된 지원서를 순차적으로 검토하여 합격/불합격을 안내할 예정입니다.
▣ 공고마감일 이전에 채용이 완료될 경우 본 공고는 종료처리될 수 있습니다.
▣ 면접 전형 합격자를 대상으로 평판조회를 진행할 예정입니다. 별도 알림톡 또는 이메일을 발송 드릴 예정이오니 안내사항에 따라 기간 내 평판조회 진행 부탁드립니다.
▣ 각 단계별 전형결과는 지원서 상에 기재한 이메일로 안내되며, LG그룹 채용사이트(https://careers.lg.com)를 통해 확인하실 수 있습니다.
▣ 외국어 역량과 관련하여 전형단계 중에 별도로 공인어학성적표를 요청할 수 있습니다.
(최근 2년이내의 유효한 공인어학성적을 보유하고 있는 경우 지원서 접수시 해당 공인어학성적을 입력하시기 바랍니다.)
▣ 지원서의 내용이 사실과 다르거나 문서증빙이 불가능할 경우 합격이 취소되거나 전형상의 불이익을 받을 수 있습니다.
지원서 작성시에는 반드시 인적사항을 재확인하셔서 오류가 없도록 해주시기 바랍니다.
▣ 취업보호대상자(보훈대상자/장애인), 기초 생활 수급자 및 차상위 계층은 관련 법규에 의거하여 우대합니다.
▣ 입사지원 관련 구비서류는 최종합격자에 한하여 제출하게 됩니다.","■ 이런 분과 함께 하고 싶어요
AI RED 등 AI 보안 관련 업무 수행 경험 또는 전문 지식 보유
AI 개발 경험 또는 전문 지식 보유
보안솔루션 운영 및 구축 경력 5년 이상이신 분
전자/통신/회로 전공자
경력 10년 이상의 다양한 Application Hardware 설계 경험이 있으신 분
경력 5년 이상의 디바이스 BSP 및 FW개발 경험이 있으신 분
제로트러스트 관련 업무 수행 경험이 있으신 분
보안 컨설팅 업무 수행 경험이 있으신 분
금융권 보안 업무 수행 경험이 있으신 분
정보보안/IT서비스 경험자, 대기업 계열사 커뮤니케이션 역량, 기술 기반 B2B 사업개발 경험
물리 보안 경험자, 대기업/제조사 대상 보안 사업개발 경험자, 융합보안 이해도
보안관제 경험: 보안관제 센터 근무 경험(EDR, SIEM, IPS, WAF 등 포함)
EDR 솔루션 운용 경험: Carbon Black, CrowdStrike, SentinelOne, MDE, Trendmicro EDR, 안랩 EDR 등 주요 EDR 제품 중 1개 이상 운용 경험
보안 이벤트 분석 능력: 엔드포인트 로그 분석, 위협 행위 식별, 침해지표(IOC) 기반 탐지/분석
운영체제 지식: Windows, Linux 보안 이벤트 및 프로세스/레지스트리/파일 행위 분석 가능
기본 네트워크 지식: TCP/IP, 포트/프로토콜, IDS/IPS 탐지 패턴 이해
경력 연차: EDR 분석업무 1년 이상, 보안 관제 관련 업무 3년 이상",게시중,[LG CNS] 보안 전 영역 전문가 모집(경력),https://careers.lg.com/apply/detail?id=1000319
,경력,LG CNS,"LG Careers 사이트內 [채용문의] → [1:1질문하기]를 이용 바랍니다. (시스템 에러, 비밀번호 분실, 기타 채용 관련 문의)",2025.11.30 23:00,"■ 이런 일을 하시게 될거에요
- 차세대 ERP 구축 제안, Pre-Task, PI 단계 업무 수행
- 차세대 ERP 구축 프로젝트에서 SAP 아키텍처 설계 및 구축
- SAP ERP 관련 Trouble Shooting
- 차세대 ERP 아키텍처 표준, 정책, 가이드 수립
- 차세대 Cloud ERP 환경에서의 안정적인 운영을 위한 새로운 ERP 운영 모델 수립",1000179,IT서비스,마곡 혹은 증미,"■ 이런 경험/역량이 있으면 더 좋아요
- 퍼블릭 클라우드(AWS, Azure, GCP) 활용 경험이 있으신 분
- 글로벌 고객 또는 파트너사와 협업할 수 있는 외국어 역량을 보유하신 분","서류전형
인성 검사
One Day Interview
평판조회
처우협의
채용검진","■ 이런 분과 함께 하고 싶어요
- SAP ERP 프로젝트(SI) 또는 운영 업무(SM)에서 5년 이상 BC 역할을 경험하신 분
- SAP BTP(Business Technology Platform) 기반 업무를 경험하신 분
(SAC, Integration Suite, ABAP 개발환경 등의 PaaS 서비스 지원 경험, BTP 활용을 위한 계정 관리, 인증, ERP 연동 경험)
- SAP 신기술에 관심이 많고 실제 현장 적용에 대한 의지가 있는 인원",게시중,[LG CNS] ERP/솔루션 분야 모집(경력),https://careers.lg.com/apply/detail?id=1000179
,경력,HSAD,"3) 문의처 : LG Careers 사이트 (https://apply.lg.com/main/Index.rpi) 상단 “채용문의” → “1:1질문하기”로 문의
※ 등록된 이메일/비밀번호가 생각나지 않으면 “이메일주소/비밀번호 찾기”를 클릭해서 확인 부탁 드립니다.",2025.11.15 23:00,"■ VMD 기획
- 담당 거래선 매장 및 LG전자 영업팀 대응 등
- 전국 베스트샵 연출 협력사 중 일부팀 관리(라운딩/오픈점 연출/POP제작,연출 등)",1000148,영업/마케팅,,"- 유통채널(백화점, 마트등) 및 대행사 업무 경험이 있으신 분
- 문제해결 능력과 학습 능력이 우수하신 분","서류전형
1차면접
2차면접
최종전형
상기 전형 절차는 당사 사정에 의하여 변경될 수 있으며,
채용 완료 시 조기 마감될 수 있습니다.","- 학사 학위 보유자
- 디자인 관련 전공자(실내디자인, 산업(공업)디자인, 실내 건축, 시각디자인 등)
- 유관 경력 최소 3년 이상 ~ 8년(동종 VMD 업무)
- 디자인 프로그램(Photoshop, Illustrator,SketchUp) 사용 가능자
- 제안서 작성 및 파워 포인트, 엑셀 등 사용 가능자 - Adobe",게시중,[HSAD] LG전자 베스트샵 VMD 현장대리인 (계약직) 채용,https://careers.lg.com/apply/detail?id=1000148
,경력,LG화학,"기타 문의사항은 LG화학(대산) 채용담당자(inwoo.jeong@lgchem.com, 041-661-2134)에게 연락주시기 바랍니다.",2025.12.31 18:00,"■ 대산공장(현장 계약직) - 석유화학 공정 원/부원료 계량/투입, 보관/재고관리, 현장 정리정돈 등 공정지원 직무",1000022,생산/품질,대산공장,,"서류 전형
면접 전형
제출방법
1) 서류접수 : LG그룹 채용사이트 (https://careers.lg.com) 內 LG화학 모집공고에서 On-line 지원
2) 제출서류 : 채용사이트 內 입사지원서
※ 추가 필요 서류는 합격자에 한하여 제출(추후 안내)
3) 접수기간 : ~ 2025. 12. 31(수)
☞ 상시 입사지원서를 접수하며, 해당 포지션에 대한 채용 필요 시 개별 연락 드립니다.
※ 등록 마감 이후, 추가등록 및 수정이 불가합니다.
4) 문의사항 발생 시
- 채용관련문의 : LG화학 대산공장 채용담당자(LG Careers 內 1:1 질문하기 또는 041-661-2134)
- 비밀번호 분실, 지원서 수정 및 오류발생 문의
① LG Careers Site 內 상단 “채용문의”에서 1:1 질문하기를 통해 문의
② E-mail 및 비밀번호 분실 시 “로그인”에서 이메일주소 및 비밀번호 찾기를 통해 확인하여 주시기 바랍니다.","- 고졸 이상
- 만 55세 이상 우대(고용상 연령차별금지 및 고령자고용촉진에 관한 법률에서의 고령자)
- 해외여행에 결격사유가 없는 자, 군필 혹은 면제자
- 지게차 운전 경력자/지게차운전기능사 이상 자격증 보유자 우대
- 석유화학 관련 업종 근무 경험자/환경·안전분야 및 위험물 취급 관련 자격증 보유자 우대",게시중,[상시접수]LG화학 대산공장 공정지원 계약직(현장) 모집 ,https://careers.lg.com/apply/detail?id=1000022
,경력,LG화학,"LG화학(여수) 채용담당자(kth8448@lgchem.com, 061-680-1887)",2025.12.31 18:00,"■ 여수공장(현장 계약직) - 석유화학 공정 원/부원료 계량/투입, 보관/재고관리, 현장 정리정돈 등 공정지원 직무",1000020,생산/품질,여수공장,,"서류 전형
면접 전형
제출방법
1) 서류접수 : LG그룹 채용사이트 (https://careers.lg.com) 內 LG화학 모집공고에서 On-line 지원
2) 제출서류 : 채용사이트 內 입사지원서
※ 추가 필요 서류는 합격자에 한하여 제출(추후 안내)
3) 접수기간 : ~ 2025. 12. 31(수)
☞ 상시 입사지원서를 접수하며, 해당 포지션에 대한 채용 필요 시 개별 연락 드립니다.
※ 등록마감 이후, 추가등록 및 수정이 불가합니다.
4) 문의사항 발생 시
- 채용관련문의 : LG화학 여수.채용담당자(LG Careers 內 1:1 질문하기 또는 061-680-1887)
- 비밀번호 분실, 지원서 수정 및 오류발생 문의
① LG Careers Site 內 상단 “채용문의”에서 1:1 질문하기를 통해 문의
② E-mail 및 비밀번호 분실 시 “로그인”에서 이메일주소 및 비밀번호 찾기를 통해 확인하여 주시기 바랍니다.","- 고졸 이상
- 만 55세 이상 우대(고용상 연령차별금지 및 고령자고용촉진에 관한 법률에서의 고령자)
- 해외여행에 결격사유가 없는 자, 군필 혹은 면제자
- 지게차 운전 경력자/지게차운전기능사 이상 자격증 보유자 우대
- 여수산단 석유화학 관련 업종 근무 경험자/환경·안전분야 및 위험물 취급 관련 자격증 보유자 우대",게시중,[상시접수]LG화학 여수공장 공정지원 계약직(현장) 모집 ,https://careers.lg.com/apply/detail?id=1000020
,경력,LG CNS,"▣ 문의처
LG Careers 사이트內 [채용문의] → [1:1질문하기]를 이용 바랍니다. (시스템 에러, 비밀번호 분실, 기타 채용 관련 문의)",2025.11.30 23:00,"■ 이런 일을 하시게 될거에요
SAP ECC, S/4 HANA 구축 및 운영
LG 패밀리 및 오픈고객의 SAP ERP 시스템 운영(BC)",1000002,IT서비스,상암,"■ 이런 경험이 있으면 더 좋아요
S/4 HANA 구축 및 전환 프로젝트 경력
PCE 구축 및 운영 경험
HANA DB, Server 운영 경험
SAP on Cloud(AWS, Azure) 전환 및 운영 경험
영어가능자","▣ 각 모집분야별 업무/ 자격요건/ 우대사항을 확인하시어 지원해주시기 바랍니다.
▣ 해외여행에 결격사유가 없는 분만 지원 가능합니다.
▣ 남자는 병역필 또는 병역 면제인 경우에만 지원 가능합니다. (병역특례 신규편입 및 전직은 지원이 불가능합니다)
전형절차
서류전형
인성 검사
One Day Interview
처우협상
평판조회
처우협상
채용검진
▣ 본 공고는 별도의 전형일정 등이 정해지지 않았으며, 접수완료된 지원서를 순차적으로 검토하여 합격/불합격을 안내할 예정입니다.
▣ 공고마감일 이전에 채용이 완료될 경우 본 공고는 종료처리될 수 있습니다.
▣ 면접 전형 합격자를 대상으로 평판조회를 진행할 예정입니다. 별도 알림톡 또는 이메일을 발송 드릴 예정이오니 안내사항에 따라 기간 내 평판조회 진행 부탁드립니다.
▣ 각 단계별 전형결과는 지원서 상에 기재한 이메일로 안내되며, LG그룹 채용사이트(https://careers.lg.com)를 통해 확인하실 수 있습니다.
▣ 외국어 역량과 관련하여 전형단계 중에 별도로 공인어학성적표를 요청할 수 있습니다.
(최근 2년이내의 유효한 공인어학성적을 보유하고 있는 경우 지원서 접수시 해당 공인어학성적을 입력하시기 바랍니다.)
▣ 지원서의 내용이 사실과 다르거나 문서증빙이 불가능할 경우 합격이 취소되거나 전형상의 불이익을 받을 수 있습니다.
지원서 작성시에는 반드시 인적사항을 재확인하셔서 오류가 없도록 해주시기 바랍니다.
▣ 취업보호대상자(보훈대상자/장애인), 기초 생활 수급자 및 차상위 계층은 관련 법규에 의거하여 우대합니다.
▣ 입사지원 관련 구비서류는 최종합격자에 한하여 제출하게 됩니다.","■ 이런 분과 함께 하고 싶어요
SAP ECC, S/4HANA 구축 및 운영경험 3년 이상
SAP 솔루션 업그레이드/전환/운영 경험을 보유 하신 분
SAP Troubleshooting 역량 보유하신 분
동료의 장점에 주목하고 협업하여 함께 성과를 낼 수 있는 분
긍정적인 마인드 소유자",게시중,[LG CNS] SAP BC 모집(경력),https://careers.lg.com/apply/detail?id=1000002
,신입/경력,LG Magna,"▪ 문의처 : LG Careers 채용문의 內 1:1 질문하기
※ 시스템에러, 비밀번호 분실, 지원서 수정 및 작성 오류 발생 시 → LG Careers 사이트 내 “채용문의” → “1:1질문하기”를 이용 바랍니다.
※ 공고 마감일에는 지원자들의 문의가 많아 답변 및 관련 대응이 늦어질 수 있습니다.
※ 지원서 등록 마감 시점 이후에는 입사 지원이 불가합니다.",2025.12.31 23:00,"■ 본 채용공고는 전 분야 DB 등록을 위한 공고로 직접 채용 프로세스가 진행되지 않습니다.
등록된 이력서를 바탕으로 해당 포지션 채용 진행시 검토 대상에 포함될 수 있습니다.
- 경력 사항 위주로 간단히 보유 중인 이력서와 참조 가능한 포트폴리오를 등록하여 주시기 바랍니다.
- 서치펌 추천을 통한 공고는 별도의 전용 공고에 등록 바랍니다 (자사와 계약하지 않은 서치펌을 통한 지원서는 검토하지 않습니다)",403172,연구/개발,인천캠퍼스,전자/자동차/자동차부품 사업분야 유경험자,"서류전형
인적성/영어 역량 검사
1차면접
2차면접
건강검진
최종전형","학력 : 학사학위 이상 소지자
경력 : 신입 또는 유관 경력 2년 이상 보유자
어학역량 : TOEIC Speaking IM2 이상 또는 이와 동등 수준(TOEIC 700, OPIc IM2 등) 이상
공인 어학성적 보유 여부에 관계없이 지원 가능함.",게시중,해외 및 국내 인재 상시 DB 등록용 (`25년),https://careers.lg.com/apply/detail?id=403172
,경력,D&O,"※ 비밀번호 분실, 지원서 수정 및 오류발생 문의
: LG Careers 사이트 (Careers.lg.com) 상단 “채용문의” → “1:1질문하기”로 문의
※ 등록된 이메일/비밀번호가 생각나지 않으면 “이메일주소/비밀번호 찾기” 클릭해서 해결하세요
※ 이메일, 보조이메일, 비밀번호 둘다 생각이 안나는 경우는 “이메일주소/비밀번호 찾기”하단에
“로그인 문의”를 클릭해 문의하시기 바랍니다.",2025.12.31 23:00,"• 서울 식음업장 內 식음료 서비스
• 업장 위생 및 재고 관리
• 일마감 등 영업장 관리

• 서울 식음업장 內 양식, 일식, 중식, 한식 등의 조리서비스 업무
• 위생 관리 등",400657,부동산/레저,서울특별시,"※ 해당 공고는 상시채용을 위한 인재Pool로 활용되며, 별도의 마감 일정이나 전형 일정, 세부 지원자격 등이 없습니다.
(마감일정이 있는 공채나 모집공고 채용과는 구분하시기 바랍니다.)
따라서 채용 Needs 발생시에 한해서 해당 공고(인재Pool)에 등록된 이력서를 인사팀에서 비정기적으로 검토하고, 서류 합격자에 대해서만 개별적으로 연락 드립니다.","서류전형
인적성검사
1차면접
2차면접
최종전형

· 제출방법 : LG채용홈페이지(https://careers.lg.com) 모집 공고에 온라인 접수
· 문의 : ""채용문의"" 메뉴의 ""1:1 질문하기"" 활용","※ 해당 공고는 상시채용을 위한 인재Pool로 활용되며, 별도의 마감 일정이나 전형 일정, 세부 지원자격 등이 없습니다.
(마감일정이 있는 공채나 모집공고 채용과는 구분하시기 바랍니다.)
따라서 채용 Needs 발생시에 한해서 해당 공고(인재Pool)에 등록된 이력서를 인사팀에서 비정기적으로 검토하고, 서류 합격자에 대해서만 개별적으로 연락 드립니다.",게시중,[F&B] 상시 인재 Pool 등록,https://careers.lg.com/apply/detail?id=400657
,경력,D&O,"· 문의 : ""채용문의"" 메뉴의 ""1:1 질문하기"" 활용",2025.12.31 23:00,"※ 해당 공고는 상시채용을 위한 인재Pool로 활용되며, 별도의 마감 일정이나 전형 일정, 세부 지원자격 등이 없습니다.
(마감일정이 있는 공채나 모집공고 채용과는 구분하시기 바랍니다.)
따라서 채용 Needs 발생시에 한해서 해당 공고(인재Pool)에 등록된 이력서를 인사팀에서 비정기적으로 검토하고, 서류 합격자에 대해서만 개별적으로 연락 드립니다.",397380,부동산/레저,전국,,"서류전형
1차면접
인적성검사
2차면접
최종전형","※ 해당 공고는 상시채용을 위한 인재Pool로 활용되며, 별도의 마감 일정이나 전형 일정, 세부 지원자격 등이 없습니다. (마감일정이 있는 공채나 모집공고 채용과는 구분하시기 바랍니다.)
따라서 채용 Needs 발생시에 한해서 해당 공고(인재Pool)에 등록된 이력서를 인사팀에서 비정기적으로 검토하고, 서류 합격자에 대해서만 개별적으로 연락 드립니다.",게시중,[AM] 상시 인재 Pool 등록,https://careers.lg.com/apply/detail?id=397380
"- 기숙사 제공
- 골프클럽/리조트 근무 특성 상 주말근무가 발생할 수 있습니다.
- 1차면접과 함께 인성검사를 진행합니다.",신입/경력,D&O,"비밀번호 분실, 지원서 수정 및 오류발생 문의
: LG Careers 사이트 (Careers.lg.com) 상단 “채용문의” → “1:1질문하기”로 문의
※ 등록된 이메일/비밀번호가 생각나지 않으면 “이메일주소/비밀번호 찾기” 클릭해서 해결하세요
※ 이메일, 보조이메일, 비밀번호 둘다 생각이 안나는 경우는 “이메일주소/비밀번호 찾기”하단에
“로그인 문의”를 클릭해 문의하시기 바랍니다.",2025.12.31 23:00,"- 업장별 조리 기물자산 및 식기세척기 관리
- 세정 인력 관리
- 기물 및 건자재 창고 관리
- 연회 행사 기물 배치 관리
- 식음업장 냉장,냉동고 관리

- 리조트/골프장 內 식음업장 식음료 서비스
- 업장 위생 및 재고 관리
- 일마감 등 영업장 관리

- 리조트/골프장 內 양식, 일식, 중식, 한식 등의 조리서비스 업무
- 위생 관리 등

- 메뉴 기획 및 영양 관리
- 식자재 관리
- 검식 및 배식 관리
- 위생관리
- 식당 행정 관리

- 골프클럽 or 리조트 프론트 서비스
- 고객 응대 및 객실 체크 인/아웃 업무
- 현관/락커 운영 관리
- 기타 행정 및 관리 업무

- VOC 수집/활용을 위한 고객 Pain Point 관리 체계 운영관리 및 고도화
- VOC 분석 결과를 바탕으로 고객경험 향상을 위한 활동 수행
- 고객 여정별 과제 발굴 및 개선 유도
- 정기 및 상시 고객만족도 조사 수행 및 사업별 개선 활동 전개
- VOC 상설 협의체 운영 관리

- 곤지암리조트 인사 전반 업무 기획 및 운영
- 인사, 보상제도 관리, 운영
- 진급 및 직무 관리, 운영
- 근태 및 근무시간 관리

- 국내외 MICE 영업기획
- 글로벌 OTA 영업기획
- 호텔 멤버십 / 로열티 프로그램 기획

- 리조트/골프장 안전관리(시설점검, 산재 예방 및 안전 교육등)
- 중대재해기업처벌법, 산업안전보건법 등 안전 관련 법규 준수 관리
- 안전보건계획 수립 및 이행관리
- 안전보건규정 제·개정
- 안전보건위원회/협의체 진행 및 관리
- 협력업체 안전보건 점검/평가
- 공사/작업 안전점검 및 관리
- 작업환경측정/ MSDS 관리
- 기타 안전보건 법규 관련 사항

- 화담숲 안전관리(시설 점검, 산재 예방 및 안전 교육 등)
- 중대재해기업처벌법, 산업안전보건법 등 안전 관련 법규 준수 관리
- 안전보건계획 수립 및 이행관리
- 안전보건규정 제·개정
- 안전보건위원회/협의체 진행 및 관리
- 협력업체 안전보건 점검/평가
- 공사/작업 안전점검 및 관리
- 작업환경측정/ MSDS 관리
- 기타 안전보건 법규 관련 사항

- 스키장 설비 유지보수 및 운영관리
- 리프트, 모노레일 운영 및 유지보수
- 슬로프 정설, 제설 및 관련장비 유지보수
- 하계 스포츠 운영시설 관리 및 유지보수
- 계절직 관리 및 기타 업무 지원

- 어트랙션 시설 운영 및 관리
- 스키학교/패트롤 운영 및 관리
- 스키장 운영 관리 업무

- 레저사업부 단기 및 중장기 전략 방향을 수립하여 제시합니다.
- 매년 제시되는 그룹 및 본사의 경영방침을 기반으로 , 레저사업부의 단기 / 중장기 운영 방향 및 전략과제를 수립합니다.
- PDC 관점에서 레저사업부의 성과 관리를 담당합니다.
- 각 사업부문별로의 수립된 전략 과제에 대한 KPI 기준을 제시하고, 이에 대한 이행 관리 및 평가 관리까지 담당합니다.
- 각 사업 부문별 (골프/리조트/화담숲)로의 운영 기획 총괄을 담당합니다.
- 부문별 손익 및 영업 실적 관리 / 회원 제도 (골프장 및 리조트) 검토 / 컴플라이언스 이슈 / 산업 동향 분석
- 경영진 주요 의사결정 지원(사업별 Risk 관리, 제도 및 정책 수립 , 각종 T/F 등)

■ 입사하면 무슨 일을 하나요?
① 통합 구매 관리
- 획일화된 구매 전략으로 표준화된 프로세스와 R&R 수립
- 월/분기별 현업부서의 교육 및 협의체 실시
② 물량/예가/견적서 검토, 정산관리 기준 수립
- 물량/예가 (표준 품셈)산출 기준 수립
- 견적검토 (직접비/간접비_ 제비율 검증)
- 정산관리 표준 프로세스 정비, 증빙 Form 작성/배포
③ 입찰/계약 관리
- 다수 협력사 Pool 자원 활용(경쟁입찰/제안심사) 입찰/계약
- 협력사 하도급법 등 법률 위반사항 Risk 모니터링
- 외주(운영도급,용역)/공사 구매 유형 기준 수립
④ 원칙과 규정 관리
- 효율적/고도화 측면 관리규정/전결 제개정 배포
- 협력사 선정 이력관리와 모니터링 계도
⑤ 협력사 관리
- 월/분기 운영평가, 년 정기평가 실시 (품질수준 모니터링)
- 다수의 우수 협력사 발굴하여 경쟁입찰 유도
■ 함께할 팀, 함께 성장해요!
- D&O 레저사업부 구매팀은 레저사업 전반의 구매, 외주(운영도급/용역유지보수), 공사(일반/식재/조경) 업무를 수행하는 부서입니다.
Risk 관리, 서비스 품질 제고, 운영효율화 등의 지속적인 관리 업무를 바탕으로 레저 사업 성장을 지원합니다.
LG그룹의 프리미엄 종합 레저 서비스업의 성장에 따라 함께 성장하실 수 있습니다.
- 곤지암리조트(경기도 광주) 내에 위치한 사무실(최근 리모델링 완료)에서 근무하게 되며,
고객 접점과 가까운 곳에서 업무의 결과를 직접 느끼며 일하실 수 있습니다.",15540,부동산/레저,경기도 광주시,,"서류전형
인적성검사
1차면접
건강검진
2차면접
제출방법
당사 홈페이지(Careers.lg.com) 內 채용 Site에서 On-line 지원
※ 우편접수, e-mail 접수 및 방문접수는 받지 않습니다.","○ 안전관리/안전관리(화담숲)
- 학력 : 대학교(학사) 졸업 이상
- 전공 : 무관(관련 전공 우대)
- 경력 : 관련 경력 5년 이상 필수, 리조트 또는 스키장 근무 유경험자 우대, ISO 45001 운영 유경험자 우대
- 자격 : 산업안전기사 또는 건설안전기사 자격증 보유 필수 / 건축, 기계, 전기, 소방 등 시설 관련 자격증 소지자 우대, 산업위생관리기사 소지자
○ HR
1. 학력 : 4년제 대학교 졸업 이상
2. 전공 : 전공 무관 (인문/상경 계열 우대)
3. 경력 : 유관 업무 3년 이상
4. 근무지 : 곤지암리조트 (경기도 광주시)
5. 기타 우대 사항
: 인문/상경 전공자
: 공인노무사 자격증 소지자
○ 공통 자격
- 학력 : 2년제 대학교 졸업(전문학사) 이상
- 전공 : 전공 무관
- 경력 : 신입/경력 무관 (관련 경력자 우대)
- 근무지 : 경기도 광주시 곤지암리조트/골프클럽
○ 식음
- 전공 : 연극영화과, 서비스관련 학과 우대
○ 조리
- 전공 : 조리관련 학과
- 자격증 : 조리관련 자격증 소지자 우대
○ 영양사
1. 학력 : 2년제 대학교 졸업(전문학사) 이상
2. 전공 : 식품영양, 조리 관련 학과
3. 경력 : 관련 경력 3년 이상
4. 자격증 : 영양사 자격증 필수
5. 우대사항
- 직원식당 또는 함바식당 근무 경력
- 인근거주자 / 운전가능자
- 조리자격증 소지자
- 직원식당 오픈 경험자
○ 프론트
- 전공 : 연극영화, 관광, 골프 관련 전공 우대
- 외국어 : 영어/일어/중국어 비즈니스 회화 가능자 우대
○ 시설관리
- 전공 : 자동차 정비 및 자동제어, 전기, 기계 관련 전공자 우대
- 자격증 : 자동차 정비 및 자동제어, 전기, 기계 관련 자격증 소지자 우대
- 기타 : 스키장 제설/정설 및 리프트/모노레일 직무 경험자 우대
※ 해당 공고는 상시채용을 위한 인재 Pool로 활용되며, 공고 게시 기간은 '22년 12월 31일까지 입니다.
각 직무별 별도의 마감 일정이나 전형 일정이 있는 공개/수시채용 모집공고와 구분하시기 바랍니다.
채용 Needs 발생시에 한해서 해당 공고(인재Pool)에 등록된 이력서를 채용담당자가 비정기적으로 검토하고,
서류 합격자에 대해서만 개별적으로 연락 드립니다.",게시중,[레저] 상시 인재 Pool 등록,https://careers.lg.com/apply/detail?id=15540
,경력,D&O,"비밀번호 분실, 지원서 수정 및 오류발생 문의
: LG Careers 사이트 (Careers.lg.com) 상단 “채용문의” → “1:1질문하기”로 문의",2025.12.31 23:00,"■ 프로젝트 전문직
- 건설원가
- 품질관리
- OR(Owner’s Requirement)
및 설계변경 관리
- 발주사 보고 및 의사결정",10416,생산/품질,"전국, 해외",,"전형절차
서류전형
1차면접
건강검진
2차면접
제출방법
당사 홈페이지(Careers.lg.com) 內 채용 Site에서 On-line 지원
※ 우편접수, e-mail 접수 및 방문접수는 받지 않습니다.
※ 해당 공고는 상시채용을 위한 인재 Pool로 활용되며, 별도의 마감 일정이나 전형 일정, 세부 지원자격 등이 없습니다. (마감일정이 있는 공채나 모집공고 채용과는 구분하시기 바랍니다.)
따라서 채용 Needs 발생시에 한해서 해당 공고(인재Pool)에 등록된 이력서를 인사팀에서 비정기적으로 검토하고, 서류 합격자에 대해서만 개별적으로 연락 드립니다.","지원자격
※ 해당 공고는 상시채용을 위한 인재 Pool로 활용되며, 별도의 마감 일정이나 전형 일정, 세부 지원자격 등이 없습니다. (마감일정이 있는 공채나 모집공고 채용과는 구분하시기 바랍니다.)
따라서 채용 Needs 발생시에 한해서 해당 공고(인재Pool)에 등록된 이력서를 인사팀에서 비정기적으로 검토하고, 서류 합격자에 대해서만 개별적으로 연락 드립니다.
1. 건축CM / 기계CM / 전기 CM
- 학력 : 4년제 대졸 이상
- 전공 : 상기 관련 전공 참조
- 경력 : CM/시공 관련 실무경력 5년 이상
※ 생산시설 (반도체, 전지사업 및 첨단장치 사업) CM/시공 업무 유경험자 우대
※ 공정관리(Scheduler), 원가관리(QS)관련 업무 유경험자 우대
2. PJT전문직(건축/기계/전기CM)
-. 학력 : 전문대졸 이상
-. 전공 : 직무별 관련 전공 우대
※ 건축CM : 건축(공)학/건축설계 관련 학과
※ 기계CM : 기계공학/설비 및 건축설비 관련 학과
※ 전기CM : 전기/제어 관련 학과
-.경력 :관련 직무 실무경력 5년 이상
※ 해외 : 중국/베트남/폴란드 근무 경험자 우대
※ 영어 및 중국어 능통자 우대",게시중,[D&O CM] 상시 인재 Pool 등록,https://careers.lg.com/apply/detail?id=10416
,경력,D&O,"· 제출방법 : LG채용홈페이지(https://careers.lg.com) 모집 공고에 온라인 접수
· 문의 : ""채용문의"" 메뉴의 ""1:1 질문하기"" 활용",2025.12.31 23:00,"※ 해당 공고는 상시채용을 위한 인재Pool로 활용되며, 별도의 마감 일정이나 전형 일정, 세부 지원자격 등이 없습니다.
(마감일정이 있는 공채나 모집공고 채용과는 구분하시기 바랍니다.)
따라서 채용 Needs 발생시에 한해서 해당 공고(인재Pool)에 등록된 이력서를 인사팀에서 비정기적으로 검토하고, 서류 합격자에 대해서만 개별적으로 연락 드립니다.",4119,생산/품질,전국,,"서류전형
인적성검사
2차면접
최종전형","※ 해당 공고는 상시채용을 위한 인재Pool로 활용되며, 별도의 마감 일정이나 전형 일정, 세부 지원자격 등이 없습니다. (마감일정이 있는 공채나 모집공고 채용과는 구분하시기 바랍니다.)
따라서 채용 Needs 발생시에 한해서 해당 공고(인재Pool)에 등록된 이력서를 인사팀에서 비정기적으로 검토하고, 서류 합격자에 대해서만 개별적으로 연락 드립니다.",게시중,[본사] 상시 인재 Pool 등록,https://careers.lg.com/apply/detail?id=4119
